District,LSOA,All People,Aged under 1 year,Aged 1 year,Aged 2 years,Aged 3 years,Aged 4 years,Aged 5 years,Aged 6 years,Aged 7 years,Aged 8 years,Aged 9 years,Aged 10 years,Aged 11 years,Aged 12 years,Aged 13 years,Aged 14 years,Aged 15 years,Aged 16 years,Aged 17 years,Aged 18 years,Aged 19 years,Aged 20 years,Aged 21 years,Aged 22 years,Aged 23 years,Aged 24 years,Aged 25 years,Aged 26 years,Aged 27 years,Aged 28 years,Aged 29 years,Aged 30 years,Aged 31 years,Aged 32 years,Aged 33 years,Aged 34 years,Aged 35 years,Aged 36 years,Aged 37 years,Aged 38 years,Aged 39 years,Aged 40 years,Aged 41 years,Aged 42 years,Aged 43 years,Aged 44 years,Aged 45 years,Aged 46 years,Aged 47 years,Aged 48 years,Aged 49 years,Aged 50 years,Aged 51 years,Aged 52 years,Aged 53 years,Aged 54 years,Aged 55 years,Aged 56 years,Aged 57 years,Aged 58 years,Aged 59 years,Aged 60 years,Aged 61 years,Aged 62 years,Aged 63 years,Aged 64 years,Aged 65 years,Aged 66 years,Aged 67 years,Aged 68 years,Aged 69 years,Aged 70 years,Aged 71 years,Aged 72 years,Aged 73 years,Aged 74 years,Aged 75 to 79 years,Aged 80 to 84 years,Aged 85 to 89 years,Aged 90 to 94 years,Aged 95 to 99 years,Aged 100 years and over,,
Arbourthorne,E01007881,1382,9,17,8,17,15,19,23,18,19,22,11,21,26,26,24,23,25,20,16,20,13,22,15,10,14,19,19,20,23,21,14,20,19,17,25,19,22,15,21,26,22,22,14,23,18,18,18,9,16,22,18,13,8,21,23,15,18,17,10,10,11,16,17,15,18,13,27,16,14,10,14,9,5,10,10,39,19,20,11,0,0,,
Arbourthorne,E01007976,1497,15,18,20,15,10,13,11,20,16,17,23,17,17,20,23,23,18,17,19,16,11,12,24,12,18,15,19,15,12,14,15,22,22,21,22,21,25,28,19,31,27,22,20,25,22,22,24,23,18,14,23,23,19,21,23,12,24,16,10,16,12,15,18,19,21,12,16,18,9,6,14,16,11,5,17,53,48,31,19,7,0,,
Arbourthorne,E01007977,1489,13,11,18,12,20,7,14,13,12,10,13,15,13,11,14,11,17,11,18,27,17,20,18,23,11,16,20,21,24,18,25,21,18,20,30,17,18,21,24,27,15,17,18,20,21,13,11,13,10,14,24,16,26,18,21,13,16,15,15,11,8,15,12,26,18,19,27,23,23,15,21,19,30,15,15,83,65,26,13,0,0,,
Arbourthorne,E01007982,1529,16,23,17,21,27,15,17,29,26,26,26,19,17,25,19,23,19,24,23,19,23,21,15,14,13,8,10,15,24,14,20,20,26,23,24,27,15,20,28,24,16,12,31,24,21,17,23,18,15,15,18,19,16,25,26,17,18,12,23,11,19,18,19,17,23,25,8,9,14,21,10,14,23,12,10,43,27,22,3,0,0,,
Arbourthorne,E01008002,1468,12,9,10,17,16,24,10,12,16,10,13,16,9,13,17,15,9,11,23,10,13,17,12,13,10,14,15,12,15,14,28,18,22,21,19,16,17,27,22,22,24,19,29,14,17,21,17,27,23,24,21,16,22,21,25,14,18,19,30,19,20,15,39,24,22,32,26,25,26,11,16,14,9,4,10,57,40,23,11,5,0,,
Arbourthorne,E01008003,1445,6,8,13,11,9,8,22,16,13,21,24,17,24,11,20,10,20,15,10,16,21,10,10,13,10,7,15,17,19,19,16,15,15,16,24,22,17,25,27,26,16,22,23,19,25,17,21,19,23,26,17,32,18,29,23,22,9,23,17,9,13,21,28,23,13,16,22,13,23,23,14,13,23,11,14,53,47,20,4,3,0,,
Arbourthorne,E01008005,1500,7,10,11,13,11,15,16,11,13,17,10,10,13,19,11,15,8,18,16,14,7,11,13,11,10,14,16,20,16,19,13,27,14,20,25,22,20,20,17,16,29,22,21,22,22,22,26,15,23,18,20,18,21,24,16,17,15,27,18,17,16,26,16,26,22,13,18,24,22,16,15,23,21,17,25,95,51,34,14,4,0,,
Arbourthorne,E01008006,1493,7,11,8,13,21,8,20,16,15,16,14,17,17,11,14,14,20,15,9,15,10,14,13,7,26,10,19,17,20,25,19,17,31,10,30,23,21,20,28,25,18,22,24,16,15,22,15,17,16,22,15,18,26,26,29,28,25,21,28,17,22,22,13,25,21,23,12,14,14,17,17,20,21,23,12,64,43,20,4,0,0,,
Arbourthorne,E01008007,1596,9,18,21,18,14,14,9,18,20,24,14,19,16,24,18,20,16,18,16,16,18,16,13,13,23,12,17,11,15,16,23,18,18,25,21,23,23,18,21,23,16,24,15,12,16,16,13,14,12,10,10,21,18,24,24,20,21,20,22,22,17,19,14,22,26,20,15,20,20,26,26,20,35,21,40,86,61,31,14,4,0,,
Arbourthorne,E01008095,1474,3,11,6,10,5,4,6,10,4,8,10,6,10,10,9,8,13,6,87,208,134,58,34,25,20,19,16,14,14,17,13,13,11,8,7,13,10,13,11,14,12,11,8,9,10,8,14,16,10,11,9,13,13,8,12,13,20,17,12,19,9,16,14,12,12,11,12,16,9,17,7,8,11,15,14,58,43,28,15,4,0,,
Arbourthorne,E01008096,1381,24,15,17,17,19,15,21,19,18,22,19,22,22,13,19,15,14,17,12,19,12,19,13,17,12,22,11,14,18,13,23,29,22,19,22,17,26,20,27,22,23,14,19,25,17,15,10,17,8,15,8,16,14,13,22,24,8,14,19,14,15,12,18,15,9,22,21,18,24,15,19,18,13,12,6,48,24,11,9,0,0,,
Arbourthorne,E01008097,1496,25,19,21,27,25,14,28,24,19,13,27,21,18,25,20,21,25,18,16,21,17,26,24,18,13,19,20,18,22,22,25,22,17,29,24,20,23,16,19,13,15,13,25,22,20,14,16,17,16,12,9,16,10,27,35,20,29,18,14,23,14,17,23,9,19,16,13,13,6,15,7,15,10,7,13,39,32,19,4,0,0,,
Arbourthorne,E01008098,1493,25,21,28,31,28,28,21,20,29,24,20,29,28,19,23,11,12,14,18,11,23,21,35,9,10,28,18,15,26,20,26,25,31,28,24,19,20,17,22,16,16,17,19,20,20,16,9,15,10,18,18,6,12,17,15,20,24,15,19,10,16,18,15,12,13,12,11,16,8,11,6,9,10,16,14,42,40,24,8,3,0,,
Arbourthorne,E01008099,1322,13,17,13,11,10,14,20,22,11,15,16,26,16,13,16,7,10,7,16,18,47,31,54,20,25,24,24,28,25,33,35,29,32,24,23,24,29,24,21,23,23,15,15,13,20,6,17,15,12,15,15,11,20,8,12,9,5,7,13,21,5,9,11,7,12,9,10,9,4,9,9,8,3,4,6,27,21,18,3,0,0,,
Arbourthorne,E01008100,1448,20,17,19,21,36,26,22,26,27,30,25,27,24,22,15,15,23,16,10,14,18,23,15,26,20,20,18,26,16,23,24,26,23,23,28,25,25,25,18,15,25,14,11,13,16,12,19,21,21,16,10,15,15,17,19,11,13,14,13,13,11,12,16,13,19,7,19,10,8,8,15,9,9,9,8,40,32,15,5,3,0,,
Arbourthorne,E01008101,1385,14,18,16,18,12,23,22,23,20,12,12,20,22,21,19,15,14,15,19,14,10,9,15,16,12,9,20,16,25,22,22,21,13,19,25,18,21,20,11,18,25,10,13,20,21,16,13,11,18,9,9,26,18,21,13,23,25,15,22,21,19,17,28,20,23,19,14,13,11,14,6,12,18,15,15,57,27,14,3,0,0,,
Arbourthorne,E01008102,1385,13,19,18,23,18,14,9,20,18,19,8,15,12,7,12,10,11,16,16,21,27,15,19,11,17,21,18,17,18,27,15,26,25,23,19,13,17,12,14,18,11,11,18,16,14,20,16,15,13,10,8,14,11,17,18,19,15,9,24,22,19,15,12,12,13,14,10,15,12,14,20,20,17,15,26,73,58,35,9,4,0,,
Arbourthorne,E01008103,1425,21,30,29,25,28,18,19,25,22,24,29,19,20,18,21,16,21,14,17,22,14,18,22,20,20,12,18,23,17,17,25,23,24,15,15,20,18,15,29,17,18,19,15,14,16,22,11,15,4,18,5,17,16,14,13,15,16,20,20,19,13,19,23,17,19,12,16,10,10,8,8,9,8,16,13,43,31,18,5,0,0,,
Beauchief and Greenhill,E01007823,1699,9,15,17,19,14,28,16,23,19,16,27,23,18,17,18,13,19,14,15,8,13,11,12,15,15,13,17,13,19,17,14,17,25,30,23,20,22,27,25,22,21,37,17,18,13,18,17,25,20,17,24,20,20,30,25,21,25,20,27,18,21,23,25,19,15,21,13,22,29,22,17,26,19,22,23,101,71,48,11,0,0,,
Beauchief and Greenhill,E01007824,1405,9,17,18,13,25,24,21,20,22,22,16,18,18,19,13,14,15,15,15,14,7,11,14,9,4,5,11,13,13,17,16,16,25,23,14,20,22,27,33,20,21,29,20,23,18,23,25,21,19,17,25,25,27,13,23,15,23,16,17,13,12,14,11,16,13,12,12,14,19,11,12,13,16,6,17,61,34,20,8,3,0,,
Beauchief and Greenhill,E01007825,1452,18,21,14,20,15,15,11,16,13,14,24,13,18,19,14,10,22,14,7,8,12,7,7,9,12,6,7,12,17,9,24,18,25,29,22,26,24,25,22,18,21,21,23,18,17,13,19,24,22,18,19,23,23,24,25,19,18,22,14,20,18,22,17,23,25,15,20,12,16,12,20,11,15,19,10,55,49,29,17,7,0,,
Beauchief and Greenhill,E01007826,1496,23,22,16,24,19,25,22,22,27,25,31,17,16,18,17,19,17,16,16,8,13,9,10,7,10,8,13,9,17,20,18,25,24,28,26,25,37,29,39,28,38,27,27,17,23,22,19,14,18,24,16,17,12,24,23,18,23,16,18,16,17,13,17,12,12,8,14,10,8,7,10,12,13,12,13,54,30,21,6,0,0,,
Beauchief and Greenhill,E01007833,1638,9,8,14,13,14,13,12,14,22,22,20,17,18,13,6,15,11,17,18,11,12,5,11,12,7,8,12,8,9,10,9,15,11,21,27,20,13,23,22,29,25,20,25,18,18,22,20,24,20,19,18,25,23,31,36,23,22,42,22,23,20,23,19,20,14,23,28,23,22,21,19,19,29,17,23,123,82,46,15,5,0,,
Beauchief and Greenhill,E01007834,1581,14,13,15,10,17,9,10,21,11,23,15,22,19,15,18,12,9,20,13,9,15,14,12,14,13,9,12,12,26,21,19,20,15,31,17,32,32,23,25,24,20,17,27,20,25,21,24,18,24,19,31,23,26,27,28,11,19,27,20,12,19,16,25,26,30,15,20,29,20,16,17,17,14,12,12,65,52,40,16,0,0,,
Beauchief and Greenhill,E01007916,1449,21,19,18,18,14,16,18,11,20,15,15,16,10,19,15,12,20,18,12,14,20,19,22,21,24,21,31,17,14,23,19,26,14,20,28,18,20,22,15,21,19,23,19,13,13,11,12,14,12,20,18,17,24,18,14,15,15,6,14,11,10,15,12,5,16,15,8,13,18,7,11,18,17,31,26,106,50,22,5,0,0,,
Beauchief and Greenhill,E01007917,1451,13,8,18,15,15,15,15,11,6,19,10,15,13,13,12,18,14,14,10,11,10,7,8,8,8,8,15,11,9,19,7,14,11,22,15,16,21,20,20,16,14,26,24,12,9,22,14,17,11,20,16,23,29,22,20,20,23,25,28,17,21,31,19,18,20,21,27,22,23,21,23,23,18,14,23,97,61,36,8,3,0,,
Beauchief and Greenhill,E01007919,1579,20,31,27,31,20,13,17,19,18,24,16,16,22,13,16,11,14,26,20,29,32,27,20,24,18,16,19,25,29,20,21,33,20,33,21,21,20,24,27,16,21,14,21,17,14,18,8,20,17,13,19,14,21,13,14,21,12,11,16,10,7,17,12,10,12,14,15,10,11,13,19,20,23,25,26,84,52,19,4,3,0,,
Beauchief and Greenhill,E01008080,1406,10,11,16,17,19,14,16,9,17,17,18,19,16,10,19,15,16,7,17,14,10,20,11,15,12,15,14,14,14,17,10,24,23,19,21,29,17,15,14,21,17,18,13,20,26,19,21,20,17,16,17,20,22,27,22,16,20,23,10,15,6,11,21,19,19,9,10,18,12,19,13,18,12,17,18,81,46,31,12,3,0,,
Beauchief and Greenhill,E01008081,1526,12,14,15,9,13,17,15,13,21,11,15,16,14,23,15,20,21,13,9,10,17,20,16,21,15,11,12,22,27,15,21,19,26,29,22,27,21,20,23,26,15,23,21,16,21,20,15,12,12,14,12,14,13,19,21,13,23,10,18,21,15,15,23,17,24,20,17,21,24,19,19,19,16,21,17,92,61,35,12,0,0,,
Beauchief and Greenhill,E01008082,1492,12,10,14,14,16,10,12,12,11,20,6,13,15,11,18,15,11,12,16,13,14,23,12,17,14,16,22,19,18,20,20,16,22,22,15,19,20,17,20,22,20,12,17,18,11,12,17,14,11,16,18,20,17,21,30,18,16,14,20,6,16,24,19,15,18,16,17,21,17,17,13,20,36,17,23,96,78,45,20,4,3,,
Beauchief and Greenhill,E01008083,1474,26,21,16,22,19,17,20,19,14,18,15,19,17,19,14,14,16,21,17,18,20,11,14,20,15,19,26,15,17,21,15,18,21,29,19,21,23,15,20,14,14,11,13,17,15,13,22,16,10,14,14,14,17,18,20,18,11,14,16,10,14,9,9,16,13,8,9,10,8,11,17,14,20,23,25,105,72,39,14,6,0,,
Beauchief and Greenhill,E01008084,1564,19,23,27,21,21,16,19,19,18,22,27,11,25,10,15,18,9,17,25,25,22,15,20,18,19,29,16,18,28,21,25,24,23,26,20,18,19,15,21,16,20,11,14,23,19,26,22,14,11,16,16,24,27,27,16,21,28,20,21,15,21,20,15,19,11,9,17,10,15,10,20,12,21,14,17,65,46,22,6,3,0,,
Beighton,E01008028,1667,15,22,19,22,23,24,19,16,26,28,20,20,26,23,30,28,19,28,17,14,17,24,17,20,13,23,18,17,13,30,21,27,26,24,29,30,36,34,29,29,25,24,23,27,16,21,28,11,15,19,23,21,21,28,31,18,30,17,18,17,18,14,17,12,16,19,13,12,11,14,15,12,6,6,8,50,45,20,10,0,0,,
Beighton,E01008029,1470,14,17,14,26,25,20,24,23,29,24,22,23,19,23,18,19,27,18,14,11,13,13,14,14,13,15,13,26,24,19,21,18,17,26,33,31,23,16,17,20,9,16,16,22,17,18,14,23,13,17,18,15,17,21,28,24,16,29,14,12,7,18,9,13,9,13,10,15,12,12,5,12,21,21,24,75,33,6,0,0,0,,
Beighton,E01008030,1465,18,22,20,18,20,25,17,19,22,25,20,17,16,17,14,16,13,20,15,9,16,17,16,11,11,16,12,13,26,31,30,36,23,32,36,30,28,26,33,22,21,23,17,25,25,16,18,13,23,19,24,24,25,14,14,9,22,21,13,18,6,11,11,8,9,8,14,12,10,8,8,8,6,7,9,42,31,22,15,5,3,,
Beighton,E01008031,1430,12,12,12,13,20,19,16,18,15,26,21,20,22,27,18,17,23,15,10,14,7,13,14,15,11,12,16,13,12,17,19,22,20,30,26,21,30,27,24,23,28,28,22,22,16,17,24,18,18,16,18,14,19,20,27,20,15,14,10,8,17,13,14,10,10,18,13,9,11,7,10,7,19,11,21,81,41,16,6,0,0,,
Beighton,E01008032,1406,7,14,20,18,20,16,15,25,18,19,24,19,17,16,13,12,15,12,9,7,23,11,14,20,14,20,21,18,23,25,31,23,33,15,21,21,20,20,23,15,17,15,16,22,17,10,19,20,13,6,18,16,20,20,22,20,18,17,14,11,17,15,13,18,12,17,15,8,15,20,15,9,9,11,11,69,36,27,11,0,0,,
Beighton,E01008033,1416,10,12,14,14,17,12,11,12,23,19,19,18,15,22,10,17,21,20,15,16,17,22,10,15,12,14,13,12,14,14,12,15,11,20,20,20,19,10,19,32,27,22,33,22,36,21,29,24,16,28,23,21,30,29,31,17,25,23,23,15,10,17,16,12,16,20,10,18,15,11,15,8,9,8,11,36,29,15,7,0,0,,
Beighton,E01008034,1584,15,12,27,25,26,25,33,30,36,34,19,30,25,33,21,23,22,16,17,11,10,12,13,8,14,16,12,8,30,26,33,22,37,37,31,24,45,29,29,34,44,35,33,32,26,16,21,14,17,14,14,19,13,15,17,3,16,7,17,9,15,9,9,10,13,10,8,13,9,8,7,8,12,13,10,48,34,13,0,3,0,,
Beighton,E01008035,1234,7,14,15,21,16,16,16,23,25,24,16,18,17,18,18,13,19,12,11,7,17,10,12,7,4,12,11,15,18,16,21,21,18,23,31,26,26,33,22,27,25,20,29,27,24,17,17,20,17,18,17,14,19,18,18,13,16,10,12,16,12,13,11,12,14,12,12,3,9,9,8,8,4,0,4,18,15,4,3,0,0,,
Beighton,E01008036,1553,20,19,16,22,27,22,30,30,27,31,27,19,22,28,27,23,20,22,17,13,14,21,11,21,16,19,29,33,28,22,28,33,28,38,23,26,45,38,41,34,43,40,32,31,45,28,35,18,19,27,11,17,21,19,11,10,11,8,6,8,6,10,3,4,6,3,8,6,7,3,3,5,0,3,3,14,11,4,4,0,0,,
Beighton,E01008038,1682,15,16,19,15,10,18,10,19,14,17,16,22,20,16,17,8,11,8,5,12,8,19,14,13,19,14,14,17,34,16,25,26,21,19,17,33,23,22,21,35,22,19,31,33,21,30,29,25,17,18,22,23,33,27,40,25,43,29,29,25,23,23,36,26,23,29,25,31,23,17,26,15,13,24,18,51,27,13,0,0,0,,
Beighton,E01008039,1420,13,11,13,9,18,8,17,21,21,12,19,20,19,18,21,19,15,24,11,11,13,11,16,10,16,18,15,19,23,21,29,20,22,11,22,28,26,22,25,24,24,18,15,25,27,15,26,25,28,15,15,21,29,28,19,16,22,23,18,20,18,11,7,21,12,14,11,15,9,18,16,17,13,8,11,51,21,4,3,0,0,,
Beighton,E01008040,1411,12,17,15,17,14,31,23,20,21,25,13,17,24,26,26,27,23,15,19,13,10,12,16,10,14,16,13,21,30,41,31,33,21,27,22,28,23,27,17,32,29,21,33,19,22,28,21,26,24,17,21,10,16,17,22,15,17,15,10,15,8,9,10,12,11,10,14,9,0,12,4,10,5,3,7,31,9,4,3,0,0,,
Beighton,E01008041,1552,19,20,24,33,19,26,22,22,27,32,34,27,26,26,22,23,28,21,26,17,18,11,17,13,28,15,20,21,20,27,39,42,31,31,29,38,49,34,43,49,33,31,30,45,21,21,25,31,22,22,20,13,11,11,14,14,10,7,12,6,9,11,5,6,4,0,6,3,4,3,3,5,3,4,0,13,5,0,0,0,0,,
Birley,E01007835,1457,9,17,11,14,13,10,27,18,17,7,15,7,9,17,9,13,24,13,14,12,9,8,9,8,13,10,9,18,21,14,18,15,19,18,26,19,22,28,16,29,22,15,15,17,17,22,22,14,17,23,16,20,17,26,16,15,17,27,12,15,13,20,16,27,14,14,27,21,21,27,25,23,31,20,22,63,55,37,11,0,0,,
Birley,E01007836,1604,18,17,21,20,18,22,15,23,17,19,25,18,20,20,16,20,19,14,16,13,10,5,8,9,4,12,9,6,16,19,14,15,11,23,15,35,30,42,30,28,19,16,19,22,26,19,29,15,19,14,14,9,17,22,25,22,18,18,14,12,19,28,27,28,27,27,26,28,28,21,26,29,29,27,18,71,46,14,4,0,0,,
Birley,E01007837,1632,33,32,37,31,23,21,26,26,31,40,30,28,22,21,19,22,24,21,20,18,15,26,23,16,25,21,28,19,33,29,30,32,27,35,18,29,24,17,18,10,15,18,16,19,19,13,17,17,9,11,10,20,21,34,22,18,24,22,13,23,18,11,19,15,16,20,19,9,14,8,11,10,6,15,11,35,25,5,4,0,0,,
Birley,E01007838,1477,12,22,17,17,20,12,22,16,24,14,18,11,20,15,9,15,17,17,24,7,17,13,15,11,12,14,25,29,23,22,20,30,24,24,28,30,28,35,17,21,21,27,23,20,21,19,15,16,17,16,14,10,22,23,22,17,26,13,18,25,14,14,17,18,18,11,9,6,8,16,8,11,15,17,12,72,34,19,6,0,0,,
Birley,E01007839,1649,30,25,24,21,29,25,22,15,16,27,21,15,14,20,18,13,19,18,10,15,21,15,8,20,26,35,24,38,33,37,45,35,36,49,29,33,39,21,34,35,43,27,28,21,18,16,20,19,14,17,22,18,22,23,23,16,17,15,12,9,19,10,14,19,11,9,10,12,10,10,13,11,11,5,7,32,19,10,4,3,0,,
Birley,E01007840,1585,10,9,19,22,13,23,17,12,24,15,17,16,18,16,24,16,18,22,9,15,11,22,8,10,12,11,20,18,16,20,26,21,19,28,17,20,25,21,18,14,23,18,9,14,9,15,20,17,27,18,21,22,19,37,28,13,27,16,18,15,15,13,21,18,22,12,10,14,22,15,14,16,17,20,21,164,69,20,4,0,0,,
Birley,E01007841,1498,19,23,20,19,20,22,23,20,22,19,23,22,19,22,17,20,11,17,15,6,8,14,11,9,15,14,26,20,22,25,21,27,42,33,33,35,33,29,30,32,26,22,24,14,17,18,20,24,17,19,5,18,15,21,23,13,27,19,25,17,15,22,20,21,11,17,14,5,14,11,5,11,4,8,8,27,20,15,8,0,0,,
Birley,E01007842,1589,13,13,24,20,15,14,21,25,21,25,17,38,27,22,15,21,28,17,18,11,16,4,10,9,7,15,14,14,19,26,16,24,25,22,29,28,33,25,25,32,25,22,19,30,18,6,15,18,14,15,16,20,12,18,31,17,20,18,13,15,19,8,22,25,15,16,13,12,10,16,10,6,13,9,12,130,70,19,4,0,0,,
Birley,E01007843,1462,10,10,8,10,14,10,11,17,12,14,20,14,12,9,18,11,7,10,9,6,8,14,6,11,12,10,18,13,15,21,24,16,12,12,22,15,13,16,16,11,16,14,7,24,27,20,11,20,8,13,25,11,16,24,15,20,28,14,13,17,20,18,14,22,21,21,9,13,14,14,21,15,16,25,36,168,94,48,10,3,0,,
Birley,E01007844,1628,12,20,14,30,16,18,18,16,14,23,17,26,22,15,19,19,22,13,12,15,18,20,13,18,14,16,17,29,21,18,25,30,15,25,21,19,12,22,29,23,17,24,11,16,24,14,18,15,20,21,15,15,23,28,23,16,27,15,17,8,13,15,13,15,11,13,14,8,18,7,10,15,17,22,29,153,76,28,12,6,0,,
Birley,E01007845,1466,15,18,16,17,26,30,22,25,25,36,23,19,28,22,18,19,18,18,15,7,19,7,15,10,12,13,15,18,15,22,34,12,22,18,25,23,23,24,24,16,18,12,18,19,16,11,16,12,14,9,17,19,16,16,19,9,16,17,19,14,16,20,12,22,17,14,18,10,10,11,18,18,11,19,15,74,47,17,3,3,0,,
Birley,E01007846,1466,14,15,11,7,10,20,21,26,19,19,13,17,21,16,22,12,15,20,15,16,15,6,10,15,6,14,11,10,18,22,20,21,24,22,22,33,21,22,26,30,24,23,23,21,14,16,22,18,13,19,18,11,23,26,23,23,19,19,16,16,15,16,18,21,17,17,23,20,11,12,16,14,10,18,8,65,42,32,7,0,0,,
Broomhill,E01007859,1684,8,6,12,4,3,9,3,5,5,4,6,8,10,3,9,5,6,8,162,404,234,101,57,48,28,24,26,27,18,23,18,16,16,12,14,11,15,8,10,12,12,13,13,11,6,11,4,5,7,12,3,13,11,13,16,10,15,8,4,7,3,9,9,5,7,7,3,0,6,5,3,3,0,4,4,10,10,4,0,0,0,,
Broomhill,E01007860,1397,11,9,6,12,13,10,10,10,11,5,9,8,6,17,11,8,6,13,15,41,112,100,80,57,46,32,33,21,18,28,22,17,26,19,11,24,22,19,21,23,15,15,16,19,7,13,16,15,19,13,21,14,8,11,11,11,12,4,8,6,5,3,4,4,4,11,4,15,6,3,5,0,5,7,10,27,30,22,12,4,0,,
Broomhill,E01007863,1949,19,15,10,18,14,18,18,8,11,12,14,11,21,18,19,9,12,10,72,177,214,164,98,48,43,35,21,18,32,16,13,22,16,18,23,20,28,17,18,20,20,17,27,26,12,17,18,22,23,25,24,13,20,13,14,6,11,13,15,11,9,10,8,3,11,5,7,7,4,4,10,4,14,9,10,41,28,20,8,0,0,,
Broomhill,E01007864,1523,8,5,4,6,6,4,5,0,10,8,3,7,4,7,7,4,7,0,6,87,299,285,155,61,40,36,25,11,16,8,23,23,12,14,14,13,8,13,9,9,9,8,9,3,6,6,6,12,9,8,7,10,10,3,6,4,8,6,6,5,5,3,7,3,6,7,0,4,4,4,3,3,8,4,9,21,14,10,5,0,0,,
Broomhill,E01007866,1672,8,10,10,15,10,17,10,19,15,15,8,12,10,12,11,15,14,16,41,140,214,163,84,48,39,34,36,22,13,21,19,18,16,18,16,12,12,16,19,9,13,13,18,13,14,9,15,14,11,17,18,19,5,22,10,14,9,9,5,9,8,13,3,9,7,10,3,8,3,4,5,8,9,7,4,18,32,16,7,4,0,,
Broomhill,E01007867,1559,9,10,11,6,8,8,6,6,8,5,5,4,4,6,9,4,4,10,11,69,225,217,141,100,50,46,39,30,28,26,23,17,18,20,10,12,18,13,7,9,17,12,4,10,12,6,3,10,15,8,11,4,9,6,9,8,4,6,11,7,7,3,11,5,3,7,3,3,4,5,3,4,4,3,4,23,17,15,8,3,0,,
Broomhill,E01007868,1595,11,5,13,4,10,10,7,11,6,8,8,6,12,11,8,7,11,10,97,242,109,59,45,31,31,30,15,20,14,24,15,18,7,10,9,11,13,17,18,10,18,11,10,12,9,16,13,17,14,15,11,16,15,11,20,12,7,11,9,7,6,7,12,10,6,5,4,8,4,7,9,6,4,5,8,60,62,68,31,16,0,,
Broomhill,E01008066,1349,8,5,6,7,5,3,3,3,4,7,4,8,0,4,12,3,3,3,6,69,215,230,156,61,38,27,21,26,17,14,17,17,12,13,15,9,16,5,8,6,8,4,10,3,6,4,7,7,11,7,8,8,4,9,8,6,7,3,4,7,3,0,6,8,3,5,0,0,3,4,0,5,3,7,4,26,28,16,5,3,3,,
Broomhill,E01008067,1487,3,7,5,3,3,3,4,6,5,5,7,3,6,5,3,5,5,6,27,133,304,236,131,61,33,30,26,18,24,20,12,14,10,9,15,13,10,9,8,13,3,5,6,5,9,12,3,5,7,3,5,5,9,5,5,5,0,3,0,0,4,3,3,5,3,5,8,3,3,4,4,6,3,9,4,23,20,22,15,5,0,,
Broomhill,E01008073,1513,18,15,15,17,16,14,16,11,16,12,17,22,10,11,13,16,9,15,15,35,69,83,59,32,35,22,29,37,19,25,26,32,18,16,31,25,28,26,19,28,19,16,11,15,18,14,19,17,23,22,14,22,13,12,13,9,21,19,12,9,14,10,14,13,13,11,13,11,6,6,6,9,9,9,5,21,30,17,6,0,0,,
Broomhill,E01008104,1589,8,10,11,10,8,12,10,10,10,9,15,12,12,8,13,9,7,11,103,225,160,62,68,47,35,36,29,25,24,20,11,16,11,12,8,12,17,17,6,11,15,17,18,21,19,10,9,10,12,11,7,11,12,12,13,15,9,9,7,4,3,11,7,8,10,11,6,0,13,10,12,6,5,8,6,43,22,11,13,3,0,,
Broomhill,E01008111,1513,11,14,4,8,13,8,15,12,8,8,10,11,8,8,6,10,12,15,11,67,164,166,86,48,42,22,31,25,37,23,20,20,20,19,24,24,18,15,18,14,17,16,11,3,14,5,14,15,15,8,3,15,15,19,12,5,13,10,10,11,4,5,3,3,6,6,5,6,7,3,6,6,6,3,8,34,28,23,20,5,0,,
Burngreave,E01007851,1456,12,18,17,21,31,13,30,32,20,27,31,33,24,37,33,36,29,28,38,25,11,17,19,16,15,15,12,11,20,7,15,19,26,19,20,28,32,19,21,17,30,17,21,20,26,20,28,17,22,17,10,16,17,14,16,12,15,13,14,8,9,12,10,5,16,12,8,10,9,9,6,8,8,9,10,42,15,7,0,4,0,,
Burngreave,E01007869,1527,39,21,28,30,30,21,22,38,29,25,26,35,29,26,32,28,35,24,35,34,24,29,18,16,11,20,23,23,23,25,25,20,19,19,25,26,21,21,21,24,27,23,19,20,17,26,24,20,18,25,15,15,9,16,7,11,6,10,7,14,6,11,6,12,10,9,11,7,10,10,6,6,7,6,5,30,22,4,0,0,0,,
Burngreave,E01007870,1572,16,12,16,13,20,22,17,21,20,25,23,16,13,20,15,18,23,27,17,22,16,21,15,18,17,19,19,15,21,18,23,16,23,25,25,36,21,35,23,26,20,28,26,24,20,24,25,19,20,18,12,15,13,19,21,19,6,24,21,22,16,15,15,12,17,18,16,15,5,11,12,13,6,10,13,56,42,47,21,8,0,,
Burngreave,E01007871,1507,19,20,18,26,11,13,20,7,9,10,18,13,9,15,12,13,17,11,10,14,10,16,10,13,17,19,13,17,33,15,25,21,27,25,21,28,25,21,24,15,23,21,14,24,19,12,11,10,21,7,13,12,10,17,16,13,18,15,21,17,13,26,23,15,14,21,31,14,22,14,23,23,19,16,20,73,76,41,17,9,3,,
Burngreave,E01007872,1633,15,27,29,27,16,19,20,18,21,25,20,22,23,18,25,24,22,21,16,13,27,16,21,22,12,22,25,12,26,21,33,31,24,33,28,23,17,26,30,26,16,23,17,16,15,23,20,19,20,21,22,26,17,25,14,15,16,13,16,20,17,15,20,17,5,7,13,17,14,11,20,8,10,14,9,59,52,37,14,4,0,,
Burngreave,E01007873,1492,26,24,22,23,17,21,13,20,21,23,15,20,26,18,17,20,18,25,22,20,21,18,21,20,19,18,26,17,24,28,27,33,25,26,30,30,19,28,15,22,20,22,13,14,14,17,15,17,12,15,18,11,12,15,14,12,13,14,16,10,21,15,17,10,21,20,17,17,11,11,9,13,14,14,12,35,34,20,9,0,0,,
Burngreave,E01007874,1497,25,29,24,21,29,25,21,29,19,33,18,22,25,17,23,22,25,27,17,21,22,19,14,11,18,11,15,13,16,15,21,24,22,18,21,21,29,13,14,28,20,24,20,13,15,14,14,25,15,15,15,11,24,20,14,13,12,13,6,13,12,23,9,13,18,12,21,11,12,10,23,14,13,10,7,49,41,28,11,7,0,,
Burngreave,E01007875,1519,18,28,27,24,22,37,27,23,22,24,28,15,27,29,21,24,31,32,19,32,34,33,21,18,22,24,19,25,20,34,19,35,22,23,28,26,28,14,16,16,18,20,15,20,15,16,14,18,25,12,14,11,15,19,8,9,7,19,7,13,10,15,8,15,13,13,15,11,10,16,11,7,15,12,7,22,26,11,0,0,0,,
Burngreave,E01007876,1589,30,41,21,34,20,15,34,23,23,22,24,23,26,27,18,15,26,18,21,28,34,44,33,28,26,30,26,34,32,34,27,27,27,33,18,24,28,25,20,14,17,20,17,16,23,10,11,16,17,11,16,13,12,12,14,14,15,15,13,14,8,12,11,10,12,18,13,12,6,11,14,11,6,14,12,32,24,9,5,0,0,,
Burngreave,E01007877,1440,25,19,30,33,31,22,26,17,25,15,25,24,20,17,17,17,29,23,23,12,18,20,15,13,24,26,26,18,33,28,28,30,26,25,15,29,17,15,11,16,20,14,10,23,12,10,16,13,19,13,14,15,13,15,12,13,10,10,12,10,12,11,8,14,23,14,20,17,12,14,10,7,7,5,6,37,22,27,13,4,0,,
Burngreave,E01007940,1440,17,31,19,32,21,25,15,24,18,19,18,22,23,28,17,24,19,11,18,19,19,10,16,16,16,14,17,21,24,19,28,19,16,26,27,30,18,18,27,24,17,18,25,11,20,15,13,19,8,23,14,7,13,18,21,16,20,18,11,11,21,17,14,9,15,17,16,14,9,9,18,22,6,8,11,29,33,17,9,3,0,,
Burngreave,E01007941,1630,12,11,23,16,18,16,25,26,23,27,19,26,30,27,23,28,20,21,28,9,15,16,9,15,5,9,16,10,16,20,15,21,22,20,24,22,19,36,36,25,22,27,25,19,13,21,24,17,14,23,20,17,16,16,23,15,18,22,17,20,23,16,18,21,11,14,21,15,21,14,14,21,14,12,10,67,71,48,11,0,0,,
Burngreave,E01007942,1569,23,29,25,33,26,19,27,26,26,29,26,24,35,34,26,37,27,26,42,21,37,13,28,25,40,26,27,24,39,20,22,31,26,26,21,22,11,27,17,24,23,24,18,16,27,14,16,17,16,18,13,12,11,13,16,12,18,9,13,8,15,10,7,14,10,13,15,9,10,4,9,12,7,3,10,12,12,12,4,0,0,,
Burngreave,E01007943,1607,19,22,26,21,23,25,20,27,20,26,26,27,17,25,14,20,15,19,13,19,24,25,23,19,23,27,23,20,15,25,31,18,17,38,23,27,19,29,19,25,10,21,29,12,16,16,19,24,17,16,11,18,18,19,14,17,17,26,16,20,15,11,16,18,12,14,12,14,11,14,14,13,15,20,13,69,41,27,8,0,0,,
Burngreave,E01007944,1508,27,28,30,28,24,26,23,31,26,26,28,21,27,22,28,28,20,27,15,20,26,23,25,20,22,22,30,26,30,28,31,31,19,34,21,29,31,33,17,19,23,19,14,21,13,25,19,19,23,18,16,11,11,7,10,7,3,8,10,12,5,12,14,12,15,14,9,10,6,12,12,8,5,10,7,21,17,8,0,0,0,,
Burngreave,E01007949,1439,20,29,30,19,24,19,27,21,22,29,20,30,21,19,22,23,16,16,21,30,19,18,14,17,17,22,16,26,17,23,27,21,27,24,28,23,19,27,28,17,27,23,16,19,17,14,14,14,19,12,5,15,12,13,29,16,15,8,7,9,4,8,16,8,11,13,15,11,8,7,6,8,4,5,9,35,29,17,27,6,0,,
Burngreave,E01008092,1500,25,24,19,19,20,17,18,9,15,15,17,12,13,13,19,11,9,7,12,20,18,23,32,21,20,20,20,32,37,25,35,24,22,22,33,14,20,25,25,19,16,14,19,9,11,14,8,12,16,12,12,13,17,22,15,20,21,23,20,15,9,13,13,17,11,13,18,10,17,9,11,11,20,21,15,68,63,33,14,4,0,,
Burngreave,E01008094,1329,21,22,20,19,17,23,17,18,18,15,23,19,17,13,20,16,18,13,18,16,17,17,17,16,11,15,9,21,29,31,23,19,16,15,22,22,20,17,20,16,16,15,15,15,21,11,14,12,11,10,13,11,13,27,16,11,20,12,11,12,14,15,15,19,13,23,11,12,15,22,14,14,13,5,12,40,25,18,7,0,0,,
Central,E01008070,1306,14,14,10,12,12,7,14,7,5,4,8,4,13,8,4,4,5,5,42,76,95,73,74,48,45,42,55,26,38,38,33,35,25,24,24,16,19,21,27,16,11,16,8,12,11,8,13,9,10,6,5,8,15,10,8,3,10,8,6,5,0,4,0,3,4,4,3,4,3,4,3,3,3,6,3,17,9,6,3,0,0,,
Central,E01008071,1417,10,5,3,5,3,5,6,3,4,5,3,3,6,4,4,3,6,6,60,179,223,174,134,66,48,32,34,23,21,23,20,14,15,16,20,5,5,21,8,6,18,8,12,8,3,14,3,8,7,7,5,0,5,0,6,3,8,8,3,6,0,4,3,4,0,3,3,4,0,4,4,0,3,3,3,7,5,0,4,0,0,,
Central,E01008105,1498,18,15,18,18,11,9,11,15,14,17,13,15,20,11,17,20,19,22,25,71,100,109,87,44,33,38,33,30,33,33,26,33,23,27,18,16,21,19,18,17,20,18,14,18,11,17,11,12,17,11,5,15,10,7,11,4,6,8,7,9,5,11,9,9,6,6,8,4,6,7,4,3,7,4,9,11,10,5,3,3,0,,
Central,E01008106,1499,30,16,22,11,15,18,11,11,17,9,9,10,8,12,6,11,11,10,16,29,42,33,38,29,24,29,26,39,27,31,40,25,30,22,28,29,17,24,38,18,24,18,15,18,15,20,9,20,9,12,14,16,15,15,12,10,14,9,16,9,11,9,13,15,13,16,11,13,9,15,15,13,16,7,16,64,47,20,9,3,3,,
Central,E01008107,1470,16,21,26,26,26,20,19,16,19,16,23,17,14,14,17,20,23,16,20,33,56,74,48,37,34,29,28,25,26,32,23,24,24,24,16,25,26,22,13,21,16,10,9,15,17,16,13,13,13,16,12,11,15,21,11,7,15,10,10,5,5,10,9,16,7,6,9,4,11,8,5,6,14,6,6,26,22,28,4,4,0,,
Central,E01008108,1424,17,13,16,15,11,14,12,11,15,11,10,16,12,8,9,7,11,17,87,197,101,91,62,37,25,30,20,26,16,28,20,14,20,15,15,18,18,10,14,10,13,12,13,14,8,7,9,10,10,12,9,8,8,10,8,3,6,3,8,9,9,8,7,3,6,10,6,8,12,7,7,4,0,4,6,20,18,10,0,0,0,,
Central,E01008109,1467,12,11,13,20,10,8,14,13,11,17,20,19,18,13,10,17,10,17,24,81,107,74,76,24,31,24,21,32,18,23,25,21,19,16,21,26,12,19,14,15,8,20,14,14,5,10,10,13,10,9,16,13,13,6,17,7,13,11,14,11,16,8,11,13,9,11,10,16,4,11,9,10,12,11,17,30,28,18,10,3,0,,
Central,E01008110,1515,8,6,9,6,5,3,7,8,6,11,8,7,7,10,11,9,13,7,64,173,187,128,115,67,52,25,37,18,17,22,19,15,14,15,23,17,19,11,11,10,6,14,11,12,13,6,7,8,8,9,9,5,3,8,7,7,4,7,4,7,3,6,7,3,6,7,9,5,0,7,9,7,4,5,8,24,29,14,4,3,0,,
Central,E01008112,1436,19,18,28,18,17,16,18,16,23,19,24,29,22,16,10,14,18,22,42,63,89,68,60,36,45,30,25,37,28,39,22,28,15,18,21,14,26,15,16,19,10,10,12,17,15,16,10,6,11,14,6,6,8,7,7,5,5,5,5,9,4,11,9,11,12,0,3,7,6,10,7,8,7,5,3,17,21,8,0,0,0,,
Central,E01008113,1521,25,15,13,21,11,16,22,16,10,15,24,13,17,16,22,17,11,20,22,22,56,60,42,39,29,37,27,46,32,44,41,44,29,31,27,26,23,25,17,19,17,20,26,14,13,17,11,20,19,22,7,9,17,16,15,10,9,10,8,11,7,9,12,9,11,4,6,9,11,12,12,7,6,8,7,24,17,12,5,0,0,,
Central,E01008114,1512,21,20,17,10,21,24,12,27,23,14,15,19,21,15,13,13,18,18,27,57,77,76,67,49,42,44,33,39,34,43,38,46,28,27,19,18,30,29,22,19,20,25,19,12,10,12,10,5,13,10,10,7,13,6,9,7,5,4,7,7,8,4,7,5,3,5,6,10,6,5,5,0,4,5,7,22,8,3,3,0,0,,
Central,E01008115,1460,8,12,9,14,6,12,8,14,10,11,7,13,15,9,14,15,9,17,13,90,171,154,118,48,44,28,34,27,25,29,28,12,19,16,28,9,13,7,14,14,13,13,13,8,7,11,10,15,8,6,9,13,3,10,8,7,7,5,3,7,3,5,4,6,5,3,13,8,5,6,9,7,5,4,6,18,11,12,7,3,0,,
Crookes,E01007951,1511,12,11,15,22,18,20,18,12,9,9,17,15,20,16,13,14,16,15,11,15,35,48,22,25,33,27,28,23,27,27,31,24,36,26,24,24,18,21,28,23,12,24,18,15,20,12,22,17,26,18,12,12,14,14,17,14,10,18,12,9,17,12,9,18,11,17,17,17,12,17,13,12,10,11,13,55,37,26,17,3,3,,
Crookes,E01007952,1533,15,13,17,23,21,26,17,34,22,24,33,19,19,20,24,19,15,21,9,15,11,15,8,15,8,11,6,10,11,15,9,14,17,21,13,19,31,29,35,34,23,37,18,22,27,27,33,23,32,11,12,30,22,21,24,24,30,17,30,14,13,13,12,15,15,16,10,18,16,15,14,12,11,10,18,56,33,13,5,3,0,,
Crookes,E01007953,1539,9,10,9,7,8,6,11,13,8,9,10,13,7,16,12,13,9,16,9,7,8,3,11,9,14,4,8,7,3,8,10,6,11,10,14,11,16,23,28,13,14,13,20,13,14,19,14,24,21,21,20,34,23,33,32,23,23,12,24,25,19,20,20,23,23,24,29,20,27,28,29,22,41,38,27,131,93,65,16,3,0,,
Crookes,E01007954,1599,21,11,15,21,22,22,22,26,29,17,18,22,16,19,22,16,15,16,14,13,3,16,9,13,5,11,17,12,11,21,17,22,20,33,22,21,25,32,34,27,21,34,22,29,26,25,23,29,33,24,18,20,25,32,40,21,21,17,18,13,19,21,10,20,16,10,15,12,8,8,17,15,11,12,13,65,36,27,21,4,0,,
Crookes,E01007955,1410,11,17,12,14,21,15,21,20,16,24,22,21,21,17,23,19,24,21,17,10,14,7,9,6,5,3,4,5,5,3,9,6,18,12,8,19,20,23,24,17,33,25,22,16,20,15,38,24,19,22,17,20,36,20,39,24,22,24,20,21,24,15,14,17,16,24,17,7,12,13,21,17,18,20,10,49,33,17,6,0,0,,
Crookes,E01007960,1555,11,13,7,20,6,9,14,14,7,6,10,9,8,8,10,18,9,12,14,20,65,72,79,73,48,43,42,26,37,32,19,43,25,29,23,26,29,17,18,19,18,14,15,19,17,14,14,11,7,17,20,14,10,14,23,17,14,13,22,9,5,19,20,11,14,10,15,6,11,8,11,10,8,8,7,37,34,19,10,0,0,,
Crookes,E01007961,1523,15,11,18,29,23,18,25,21,16,21,19,22,10,26,22,16,21,27,18,16,6,9,8,19,12,16,18,7,13,15,17,19,28,23,20,19,20,24,29,27,28,31,29,26,28,26,26,24,27,22,19,17,21,16,15,13,21,14,20,21,16,20,16,10,14,15,13,7,9,14,11,17,9,16,16,54,34,28,17,0,0,,
Crookes,E01007962,1444,8,9,14,12,8,7,8,10,5,8,8,6,7,13,6,8,6,9,7,40,103,119,82,62,34,48,34,22,35,25,25,21,16,14,16,17,20,10,21,16,7,14,13,7,9,6,7,8,8,9,7,8,11,10,4,10,6,8,6,8,12,9,6,13,11,12,9,6,11,5,12,9,10,13,12,47,57,58,21,3,3,,
Crookes,E01008064,1598,12,11,17,8,13,12,6,14,9,12,12,9,14,9,14,5,3,6,9,48,136,131,107,92,48,54,46,45,34,27,31,27,28,33,16,33,28,13,12,24,15,26,11,13,17,4,11,8,7,10,12,11,15,8,14,6,14,10,9,8,10,4,10,5,3,3,12,6,7,7,9,8,8,6,5,27,14,14,3,0,0,,
Crookes,E01008069,1510,4,8,8,7,11,3,10,8,6,11,9,7,12,7,8,4,6,10,14,52,161,231,126,78,43,45,31,26,26,29,26,19,16,15,12,10,21,14,12,13,9,12,13,11,8,13,3,7,6,7,14,6,10,15,11,7,7,13,6,12,3,4,9,8,5,5,8,5,7,7,10,8,3,5,4,29,19,11,8,3,0,,
Crookes,E01008074,1470,7,15,14,9,15,10,15,11,17,11,14,10,16,10,10,13,8,8,11,61,97,111,76,58,44,30,49,33,28,15,22,24,27,28,25,23,23,21,15,28,17,9,13,14,15,17,13,11,19,12,18,12,18,16,13,14,12,10,4,6,5,5,7,9,11,5,0,11,6,10,3,11,7,3,0,21,17,8,3,3,0,,
Crookes,E01008159,1497,10,15,18,15,4,14,15,8,11,7,16,6,7,10,9,7,13,9,7,8,20,30,42,34,45,42,43,52,43,42,35,39,37,32,30,26,24,25,24,22,15,12,11,13,13,16,13,16,11,15,10,16,18,18,23,14,17,13,17,23,16,15,17,17,12,14,14,10,16,12,10,15,12,13,8,47,21,20,8,0,0,,
Darnall,E01007883,1527,39,38,47,28,19,37,38,37,35,32,30,25,18,21,24,22,26,22,24,39,41,22,34,21,24,31,23,21,30,27,27,17,26,22,16,23,19,9,16,12,12,12,13,16,18,13,14,13,11,14,9,14,16,8,6,12,7,7,12,13,9,15,5,11,13,16,10,14,13,13,12,7,12,8,10,26,23,4,4,0,0,,
Darnall,E01007902,1585,23,18,18,29,24,17,16,11,17,18,16,9,12,17,17,11,11,11,12,21,20,27,17,20,12,13,16,25,24,31,19,16,28,21,15,19,14,21,13,13,16,16,16,14,14,11,15,21,22,18,17,21,20,20,18,20,22,22,19,25,23,19,24,27,22,26,28,19,16,17,20,16,25,23,22,83,65,28,3,0,0,,
Darnall,E01007903,1416,9,21,24,19,16,23,22,18,18,17,17,19,14,16,17,23,16,19,10,12,23,21,15,18,14,20,18,15,13,27,27,23,28,22,27,19,23,22,13,18,16,19,18,24,15,15,15,16,13,12,20,14,11,19,21,18,15,15,16,21,15,18,24,20,16,10,18,18,13,15,12,4,15,10,17,49,28,22,3,0,0,,
Darnall,E01007904,1543,26,20,18,25,16,25,14,26,20,28,21,27,28,29,23,21,28,19,18,15,22,10,26,11,15,15,15,15,21,21,17,17,18,21,17,22,12,13,18,16,17,18,10,19,14,11,9,18,17,25,17,20,17,16,25,15,15,20,21,21,17,12,18,22,19,22,11,15,16,10,21,23,13,19,17,56,51,36,8,3,0,,
Darnall,E01007905,1540,37,31,36,39,32,40,41,37,31,35,44,35,26,37,39,37,36,20,42,25,25,43,41,31,28,30,29,29,28,22,21,27,22,21,17,22,17,15,19,18,14,16,11,24,9,15,10,8,11,6,14,6,5,8,5,10,8,4,7,6,13,4,12,8,7,10,11,12,9,7,6,5,4,3,3,10,7,4,3,0,0,,
Darnall,E01007906,1496,27,25,25,31,30,27,28,22,32,29,29,26,26,22,28,24,25,23,20,21,18,29,23,16,28,20,13,16,28,23,21,25,16,27,21,19,25,16,16,21,13,11,16,19,20,27,15,14,18,10,15,10,8,10,13,12,14,14,13,16,15,11,19,15,11,15,15,11,15,11,15,9,19,6,9,33,22,13,3,0,0,,
Darnall,E01007907,1593,22,28,35,17,28,29,21,21,22,23,18,29,21,16,20,24,28,22,15,19,27,22,25,13,19,29,27,25,22,38,32,33,26,34,27,22,23,27,29,26,19,23,13,19,15,12,18,15,12,21,15,18,20,17,23,20,19,16,19,13,21,17,15,14,15,10,15,8,10,14,10,7,9,10,11,25,13,29,6,0,3,,
Darnall,E01007908,1471,23,20,24,19,15,23,22,22,17,18,21,16,8,19,16,20,16,10,16,8,14,20,18,12,20,18,22,25,34,31,24,36,30,42,30,36,31,29,25,27,26,20,23,19,11,11,23,19,8,11,14,11,19,17,17,8,21,15,17,11,17,16,18,16,15,10,11,9,15,9,8,9,8,10,6,37,21,22,16,0,0,,
Darnall,E01007909,1623,16,22,23,15,15,15,19,24,24,26,14,15,22,27,19,11,14,20,10,12,10,16,12,18,18,18,19,25,33,18,44,37,25,30,38,38,37,28,27,26,20,33,26,19,14,16,14,12,13,17,25,17,20,19,25,15,26,14,16,15,19,26,17,17,18,11,19,27,17,14,17,14,11,10,20,60,36,14,0,0,0,,
Darnall,E01007910,1489,27,15,17,18,17,18,15,8,18,12,12,13,10,13,11,12,17,13,9,12,8,11,13,12,14,9,14,14,22,20,11,24,19,20,27,16,20,18,10,17,13,20,14,13,17,11,18,14,15,15,13,21,20,21,32,18,26,22,20,18,28,24,24,20,15,17,21,11,13,18,22,18,18,10,12,81,87,49,23,8,3,,
Darnall,E01007911,1447,10,13,17,11,18,20,6,19,14,14,21,10,16,20,16,8,10,14,13,20,14,17,18,8,11,16,11,14,17,22,20,28,23,22,24,21,26,20,33,22,18,20,17,17,23,21,22,21,20,13,22,25,26,24,43,27,27,33,26,14,18,18,17,15,18,22,18,17,16,13,11,16,10,7,11,51,21,7,5,0,0,,
Darnall,E01007913,1410,27,38,31,28,22,35,29,30,25,25,25,26,17,26,22,23,21,13,24,21,28,46,25,18,22,27,25,27,22,29,26,30,33,26,22,20,20,17,18,17,15,5,16,12,22,11,19,9,15,18,13,6,9,13,15,7,6,10,9,7,7,12,6,10,10,11,6,9,5,6,6,9,7,5,6,18,16,10,8,0,0,,
Darnall,E01007914,1368,25,25,26,20,18,29,25,20,35,25,24,22,25,16,19,28,10,19,19,19,28,44,27,26,18,19,16,32,32,34,33,23,21,33,20,17,29,14,23,13,14,14,13,9,14,9,14,12,9,8,16,6,5,10,9,15,11,10,11,12,8,11,9,11,4,8,10,9,10,6,11,9,5,14,8,22,21,15,5,0,0,,
Darnall,E01008014,1488,7,12,14,15,17,12,16,14,21,14,14,10,20,15,15,8,16,18,16,19,12,20,11,6,13,17,12,16,19,18,26,19,24,14,20,15,15,20,10,17,20,19,6,17,11,18,18,13,17,16,16,14,28,15,17,18,15,17,19,12,15,21,24,22,21,21,21,30,15,21,16,15,22,15,15,103,86,49,10,3,0,,
Darnall,E01008016,1431,14,11,13,16,21,12,19,22,13,20,17,20,16,16,18,15,14,19,10,9,7,9,12,17,17,12,14,17,21,27,17,27,13,16,17,26,23,22,26,15,19,19,16,22,17,16,16,14,17,23,17,15,17,20,20,15,26,15,11,11,15,18,11,11,17,16,14,9,17,16,18,8,9,11,16,105,71,24,9,0,0,,
Darnall,E01008017,1533,14,21,15,12,19,17,34,28,23,30,33,26,15,18,27,16,29,19,14,15,13,16,7,12,8,14,16,8,20,12,21,27,22,22,14,15,20,20,23,15,15,21,23,18,17,17,19,16,14,10,20,21,12,27,21,17,16,20,16,16,10,20,15,16,23,19,20,14,12,15,20,17,15,15,13,97,55,25,6,0,0,,
Dore and Totley,E01007915,1447,14,13,10,18,10,10,16,14,19,17,18,18,19,21,16,23,22,15,19,8,6,10,7,7,6,4,6,10,9,16,18,22,19,22,14,10,20,18,20,21,26,22,20,25,25,17,19,20,21,22,22,21,21,24,26,22,18,19,18,24,13,18,18,16,30,23,31,18,20,17,25,23,21,21,10,64,39,17,6,0,0,,
Dore and Totley,E01007918,1626,20,19,8,21,19,19,19,17,23,21,28,26,21,22,21,16,19,24,14,10,12,10,7,10,9,9,12,11,17,11,13,15,18,17,23,26,21,25,21,35,26,26,30,35,25,24,23,13,24,17,18,13,22,28,30,26,19,23,22,20,17,18,20,21,21,18,10,26,20,19,15,26,21,15,12,70,60,34,10,0,0,,
Dore and Totley,E01007920,1617,8,13,16,18,16,20,16,19,21,14,15,26,15,20,14,31,16,19,21,8,11,13,13,9,11,5,6,9,7,8,7,10,7,7,21,16,17,17,27,19,31,30,20,27,33,14,29,19,30,27,32,32,26,38,35,30,32,17,21,13,12,23,18,22,25,25,22,26,17,16,20,13,16,23,15,71,70,36,16,9,0,,
Dore and Totley,E01007921,1580,16,9,8,7,12,16,19,20,19,15,20,20,28,18,19,19,20,19,11,12,6,7,6,4,8,9,6,9,7,9,8,14,12,13,21,26,19,28,23,20,21,20,24,21,25,12,17,27,22,18,15,12,28,26,29,31,27,31,25,26,19,24,24,30,22,19,16,21,20,19,23,16,20,27,28,89,74,38,9,3,0,,
Dore and Totley,E01007922,1488,15,17,17,13,23,15,17,26,14,21,19,16,26,16,27,20,22,25,12,9,13,6,19,11,8,5,11,5,11,7,16,12,13,30,20,21,23,20,23,29,22,12,31,25,29,29,32,34,24,29,28,37,21,40,24,26,24,22,27,20,17,21,23,16,15,19,14,12,10,17,13,15,7,8,7,29,23,13,0,0,0,,
Dore and Totley,E01007923,1697,14,8,19,14,17,14,17,13,19,19,16,22,15,26,20,19,17,19,17,14,12,9,21,7,11,7,4,9,16,16,16,21,18,21,18,27,22,19,32,31,15,23,26,19,33,30,27,35,25,27,31,16,27,31,27,32,17,29,22,21,25,30,30,25,18,19,17,20,18,25,29,22,19,17,19,83,48,32,12,0,0,,
Dore and Totley,E01007924,1495,20,9,10,10,18,11,12,18,17,19,14,13,17,15,20,8,21,19,13,10,10,6,10,7,10,10,12,18,16,12,24,31,23,28,26,22,29,16,30,20,18,27,7,19,21,28,15,23,18,16,19,16,22,23,22,20,21,24,13,22,15,19,22,13,19,14,22,17,18,20,14,11,18,14,16,71,66,33,21,4,0,,
Dore and Totley,E01007925,1468,12,11,18,16,18,13,15,12,16,16,14,18,17,12,10,10,9,7,9,8,9,8,5,17,5,11,6,11,13,19,21,8,15,19,21,22,15,20,16,22,19,18,29,20,20,15,20,17,18,22,25,24,17,17,28,14,24,23,19,24,15,17,16,14,18,19,14,16,24,22,26,23,26,19,18,83,72,46,17,6,0,,
Dore and Totley,E01007926,1587,12,16,17,15,17,15,15,13,19,13,16,12,19,22,18,20,21,16,15,9,6,8,8,8,6,8,4,5,7,3,0,12,6,9,18,17,22,21,18,16,18,19,21,33,29,18,24,19,28,30,17,26,25,24,28,26,31,25,17,20,22,20,19,15,31,23,22,31,17,15,16,20,23,19,21,97,84,55,27,7,3,,
Dore and Totley,E01007933,1653,13,14,22,19,17,20,23,30,27,26,31,21,28,36,32,28,33,18,18,8,5,6,6,8,6,5,6,5,6,9,10,8,10,10,18,17,24,24,31,23,28,23,24,30,26,41,19,24,28,26,34,25,27,35,37,35,24,17,30,18,16,18,26,16,17,21,16,17,17,18,11,15,24,9,9,57,31,38,21,4,0,,
East Ecclesfield,E01007887,1477,9,21,17,18,18,15,14,17,17,27,18,17,19,15,18,32,24,17,20,18,10,22,18,20,8,26,16,25,19,26,26,39,21,27,25,21,19,27,23,24,22,27,31,19,16,19,25,24,21,16,21,23,27,21,20,19,21,19,13,9,6,17,3,6,13,8,11,9,12,9,6,7,10,9,14,53,28,26,4,0,0,,
East Ecclesfield,E01007889,1682,25,22,26,21,20,15,19,18,18,23,23,20,25,16,17,19,17,23,10,17,12,15,18,8,28,23,23,27,28,26,29,35,39,39,18,25,31,26,36,36,23,34,24,17,23,17,22,17,26,22,20,18,28,30,33,25,26,23,17,16,10,10,10,14,10,22,15,10,16,12,17,18,11,10,11,40,34,23,12,0,0,,
East Ecclesfield,E01007890,1495,17,18,21,9,11,19,14,13,22,20,17,10,19,17,19,12,26,20,19,18,12,12,13,18,14,15,17,23,21,29,24,16,18,28,21,20,25,18,27,18,20,16,26,22,24,27,14,26,35,19,31,27,17,26,34,30,28,21,32,11,19,19,10,12,15,8,10,13,8,9,10,6,7,10,10,47,35,24,7,0,0,,
East Ecclesfield,E01007891,1549,10,9,7,15,13,10,15,17,17,14,20,24,12,15,25,16,15,14,18,10,14,14,15,14,14,7,8,10,18,14,20,12,15,25,19,14,21,21,29,15,29,35,24,37,21,15,17,16,19,21,28,34,36,31,35,22,33,28,35,21,24,23,23,30,29,15,17,17,19,16,15,22,17,9,8,51,39,13,4,3,3,,
East Ecclesfield,E01007894,1499,10,16,14,15,19,17,15,14,16,14,13,13,10,9,12,21,13,25,20,25,8,11,20,12,16,21,28,13,27,24,20,37,46,26,21,26,15,16,19,25,24,21,29,12,22,18,24,24,17,17,27,22,20,13,24,16,18,18,11,13,19,12,11,22,15,12,9,3,11,13,15,14,14,10,12,46,69,31,19,10,0,,
East Ecclesfield,E01007895,1505,10,9,5,14,16,17,18,20,16,14,17,17,9,20,18,20,16,20,10,15,17,9,17,10,12,10,19,21,17,18,20,14,16,23,23,29,28,14,17,22,17,22,17,17,19,19,13,19,17,19,20,19,20,25,32,29,15,21,22,17,13,16,17,19,17,18,18,15,18,15,16,17,16,20,20,95,56,30,10,3,0,,
East Ecclesfield,E01007896,1440,14,18,11,18,17,15,14,18,15,15,17,18,12,22,12,17,23,26,23,20,17,18,20,20,23,15,14,13,12,13,19,16,13,21,18,18,29,16,17,26,27,25,24,23,23,26,31,32,38,33,31,30,27,30,36,22,31,18,14,13,4,21,16,13,12,11,14,17,10,8,8,8,10,6,9,21,11,4,0,0,0,,
East Ecclesfield,E01007897,1438,9,9,10,16,17,13,17,8,11,10,18,15,10,11,20,20,14,14,18,8,13,8,13,8,9,13,15,17,13,23,9,20,22,25,19,18,18,15,20,17,21,18,26,23,23,18,24,16,18,16,26,29,38,37,42,25,35,37,20,25,20,24,23,20,21,17,16,14,17,16,23,14,11,5,16,44,22,12,3,0,0,,
East Ecclesfield,E01008053,1287,10,7,12,14,12,18,22,23,16,16,13,18,16,12,12,12,11,15,21,12,11,11,15,8,7,15,4,14,8,20,20,18,20,24,17,25,17,20,23,17,22,12,18,20,13,16,8,11,10,17,15,13,21,8,17,14,25,17,23,21,13,19,22,23,10,14,10,16,11,18,14,12,13,14,5,67,48,31,0,0,0,,
East Ecclesfield,E01008056,1519,11,18,25,17,18,18,23,21,22,26,28,19,26,22,23,29,25,21,19,9,13,18,16,13,12,18,10,15,26,15,29,22,24,31,23,22,23,35,30,21,18,14,18,16,16,19,15,20,9,17,17,22,26,25,31,16,18,16,15,13,13,10,15,11,8,18,11,14,17,16,6,10,14,7,13,75,42,19,0,3,0,,
East Ecclesfield,E01008058,1493,11,18,8,14,15,20,16,19,16,26,19,14,10,19,20,22,21,25,19,13,19,7,15,13,16,9,6,17,22,22,19,19,25,20,24,23,20,29,21,31,21,27,22,23,27,23,18,18,14,16,15,16,20,17,29,26,9,27,24,25,24,14,27,23,24,15,17,15,13,12,17,14,7,13,6,55,41,12,5,0,0,,
East Ecclesfield,E01008135,1470,9,15,17,18,18,18,11,15,15,21,15,16,12,15,12,10,12,17,8,14,19,18,10,15,7,15,17,15,33,34,26,27,27,28,34,24,23,24,16,25,23,30,19,18,22,21,26,18,20,19,19,21,25,28,24,17,23,19,17,13,18,14,24,19,13,16,10,12,7,13,5,7,7,3,8,46,42,38,15,6,0,,
East Ecclesfield,E01008137,1459,9,9,10,15,13,15,21,10,7,13,9,14,12,18,14,18,11,12,12,8,13,13,12,9,7,12,16,11,16,14,17,14,16,21,12,23,15,12,24,22,19,18,16,15,25,22,15,22,17,20,28,22,23,34,27,17,43,44,29,19,22,22,31,29,26,32,27,21,19,29,11,21,8,14,14,43,35,19,9,3,0,,
East Ecclesfield,E01008138,1218,9,11,15,11,16,5,12,15,5,9,9,8,5,15,12,15,5,17,4,13,10,8,3,7,4,12,5,14,9,13,14,25,12,14,16,29,21,20,20,13,15,12,18,10,10,15,17,13,11,15,11,9,21,16,23,14,13,12,18,12,13,18,12,19,20,13,26,14,13,10,17,14,13,16,18,81,87,32,17,0,0,,
East Ecclesfield,E01008139,1475,10,13,12,11,9,16,12,16,16,27,12,22,17,16,13,19,15,13,7,17,13,10,15,11,15,17,21,17,19,22,22,32,19,23,32,19,26,18,17,20,19,20,16,19,16,14,17,13,17,15,23,16,20,27,32,24,24,26,26,15,22,23,30,31,26,20,11,23,10,11,12,8,8,10,11,58,49,24,5,3,0,,
Ecclesall,E01007927,1581,13,16,19,12,17,17,16,16,16,17,23,16,22,21,18,16,20,22,20,7,12,17,11,11,11,10,12,5,7,5,13,11,11,11,11,11,14,23,18,30,21,25,24,23,23,27,23,27,28,28,44,26,28,29,42,20,37,30,22,18,20,24,27,21,25,21,14,15,21,22,13,15,15,18,22,64,45,28,8,0,0,,
Ecclesall,E01007928,1698,10,12,17,25,11,24,22,27,18,33,26,20,35,26,42,26,31,23,26,12,8,10,16,20,17,14,7,10,6,7,9,7,10,9,15,19,24,20,26,18,22,30,33,38,23,30,22,39,31,35,34,35,47,33,28,30,28,27,26,22,17,24,16,13,17,9,12,15,16,14,15,13,12,15,18,63,31,17,7,3,0,,
Ecclesall,E01007929,1647,10,17,23,18,28,16,22,21,27,27,23,26,25,36,23,26,22,28,25,13,15,10,19,20,8,18,18,11,16,16,19,19,21,35,24,23,20,15,31,13,20,32,25,24,28,38,26,26,36,30,27,26,28,30,29,21,24,19,14,20,16,25,22,12,7,10,15,10,7,11,17,5,12,7,10,47,28,23,13,0,0,,
Ecclesall,E01007930,1446,13,14,17,20,14,16,29,20,32,23,19,29,24,25,23,30,17,18,27,9,7,11,11,9,6,6,6,6,3,11,5,6,5,8,16,16,30,23,34,23,19,31,24,25,26,28,23,22,23,32,30,24,30,25,34,11,22,15,13,13,10,19,17,13,16,19,14,13,15,22,11,12,13,11,14,40,33,12,8,0,3,,
Ecclesall,E01007931,1613,12,19,19,17,22,17,21,23,23,21,27,34,29,20,28,30,31,36,22,19,14,12,15,8,4,11,7,7,9,13,12,18,20,13,18,22,17,24,21,23,24,23,33,30,39,31,33,35,18,27,34,44,31,24,24,23,25,22,18,25,9,15,20,20,9,10,10,13,9,14,14,16,6,11,10,41,34,16,10,5,0,,
Ecclesall,E01007932,1395,17,13,15,20,13,19,23,33,15,27,22,18,18,13,28,16,18,18,12,14,8,4,9,6,4,7,5,6,15,10,15,17,16,15,28,28,23,28,19,23,10,23,23,29,16,14,20,22,26,21,18,18,24,25,29,18,24,12,15,14,16,11,17,15,15,6,13,10,12,9,13,12,10,9,18,59,56,23,12,0,0,,
Ecclesall,E01007934,1407,19,12,16,11,16,17,15,17,13,14,24,27,16,22,22,17,19,19,8,7,10,7,10,11,7,16,13,12,20,16,20,31,20,23,17,16,29,26,29,24,25,33,24,31,23,16,28,16,19,28,21,17,20,30,24,13,24,15,20,14,14,15,14,12,12,8,9,12,9,10,11,9,7,9,8,47,31,24,14,3,0,,
Ecclesall,E01007935,1502,23,14,22,17,11,16,10,12,18,16,9,13,18,13,14,9,9,18,12,24,58,98,76,46,45,34,30,43,31,18,37,30,36,25,31,29,25,29,19,24,26,29,22,17,27,14,17,19,12,14,14,8,13,15,12,9,12,4,5,11,8,9,9,3,13,5,5,6,9,4,0,0,4,3,5,24,20,10,3,0,0,,
Ecclesall,E01007936,1635,16,22,14,20,21,18,9,16,17,19,12,11,18,13,13,13,11,11,8,32,60,69,88,53,45,44,46,39,35,46,31,36,46,34,29,31,32,29,32,26,26,19,16,22,17,19,17,12,10,10,12,17,14,10,17,14,8,8,17,14,8,12,4,6,10,8,10,6,5,6,9,4,3,4,7,24,19,15,8,3,0,,
Ecclesall,E01007937,1499,14,10,18,22,17,11,28,19,28,27,24,20,30,23,17,18,21,22,15,14,17,12,17,15,15,12,16,15,12,22,12,18,21,29,29,42,29,19,20,24,33,15,25,39,27,27,19,24,28,15,35,25,19,19,19,11,22,12,6,7,9,11,14,12,13,14,16,11,8,9,10,7,12,12,6,53,38,17,6,0,0,,
Ecclesall,E01007938,1506,17,15,20,24,22,24,23,14,29,28,21,19,21,22,34,15,17,19,9,7,10,4,13,11,6,9,13,11,15,17,20,12,17,26,28,20,39,25,18,28,24,27,25,28,31,25,32,31,15,20,15,20,28,24,18,21,19,20,19,17,8,11,16,22,18,24,15,11,15,13,4,14,9,10,5,44,37,22,4,0,3,,
Ecclesall,E01007939,1568,11,8,13,17,19,16,14,25,12,24,22,22,38,26,25,23,22,26,18,11,12,10,8,14,6,8,9,3,7,7,8,8,11,4,20,20,28,17,19,25,35,23,24,28,25,30,21,31,23,24,33,29,21,34,32,23,21,17,23,17,14,28,19,13,18,15,20,16,15,20,18,22,16,10,17,58,52,34,10,3,0,,
Ecclesall,E01008050,1537,18,14,10,11,8,10,5,16,7,11,8,8,3,16,14,3,7,11,14,45,113,122,133,83,57,47,51,39,29,45,33,34,31,28,29,20,12,29,20,11,16,12,17,14,8,14,12,11,12,10,15,9,7,11,11,6,7,3,5,5,3,10,7,6,6,8,4,4,4,9,3,5,0,3,5,20,15,12,3,0,0,,
Firth Park,E01007848,1537,16,22,12,19,24,16,26,25,24,24,23,30,26,27,16,21,16,15,17,16,16,13,15,10,10,8,13,20,16,21,20,19,22,23,20,34,17,24,20,22,21,20,21,24,26,28,17,14,22,21,22,18,12,20,23,23,24,13,20,16,17,12,12,15,12,13,17,7,12,14,7,15,8,16,15,60,53,35,9,5,0,,
Firth Park,E01007849,1518,14,30,25,19,22,29,22,29,22,18,33,35,27,22,27,23,30,17,21,11,16,14,7,14,18,13,18,19,25,27,30,20,27,25,25,24,27,32,28,43,24,16,18,20,16,16,14,15,10,6,11,20,12,12,14,12,22,16,18,14,9,13,12,19,14,9,13,14,9,10,14,12,17,13,8,51,27,17,3,0,0,,
Firth Park,E01007945,1671,17,12,21,32,34,25,20,23,18,36,19,29,18,22,28,17,20,23,21,22,27,23,19,19,18,17,20,20,32,25,32,15,20,24,23,23,29,22,16,25,21,27,28,23,26,24,16,21,19,20,22,21,25,20,22,17,17,20,11,22,14,15,17,21,13,14,10,14,13,16,15,13,15,13,14,58,40,22,3,3,0,,
Firth Park,E01007946,1472,19,25,27,25,29,37,33,21,30,27,30,22,25,24,17,24,21,19,19,16,17,19,22,19,21,18,16,19,14,24,25,26,30,19,19,27,21,22,20,34,25,21,30,19,19,16,14,15,19,10,9,7,28,16,13,14,18,12,21,10,10,15,11,16,8,12,14,4,4,11,4,7,0,8,9,37,29,9,3,3,0,,
Firth Park,E01007947,1462,14,13,19,14,20,18,14,16,18,8,13,16,10,13,10,10,6,8,9,7,6,8,4,20,9,9,13,6,12,11,14,13,17,14,12,20,17,10,12,16,12,13,14,10,14,14,21,15,12,12,24,12,16,23,17,19,12,12,16,18,17,13,22,14,27,25,19,25,32,28,28,31,23,25,27,116,90,57,25,13,0,,
Firth Park,E01007948,1511,24,19,21,27,28,32,26,29,29,23,32,29,29,31,28,19,19,25,18,10,17,11,18,15,19,17,14,21,20,20,17,20,13,21,33,28,26,21,25,17,19,23,16,23,12,15,18,19,12,13,15,15,12,15,19,4,11,9,13,15,12,16,13,15,15,21,15,11,20,13,11,16,15,11,13,39,45,10,8,3,0,,
Firth Park,E01007950,1521,23,19,24,28,28,25,26,20,25,22,28,17,21,17,22,21,18,18,23,19,10,22,21,24,18,22,23,18,23,26,22,28,33,22,15,22,14,17,20,22,24,15,15,20,24,9,26,18,16,12,9,15,12,20,15,18,13,22,17,20,21,20,20,19,16,19,17,28,14,16,11,8,9,7,10,31,25,18,3,3,0,,
Firth Park,E01008061,1405,21,26,18,17,23,21,24,15,18,18,19,24,11,18,23,23,13,23,8,16,21,9,16,4,9,16,15,15,27,18,26,30,21,20,22,27,23,26,19,19,21,15,19,21,10,13,16,14,5,13,17,11,16,16,11,10,14,18,15,21,17,19,14,13,15,13,16,16,20,13,17,11,12,12,16,54,39,23,7,0,0,,
Firth Park,E01008062,1474,15,16,19,23,24,25,26,18,22,24,29,40,33,31,28,22,31,22,12,23,19,8,15,9,5,8,17,6,15,15,15,24,30,21,19,27,16,20,27,26,15,17,13,15,23,13,12,9,18,17,17,13,19,17,19,10,14,11,12,19,11,16,14,12,17,14,16,20,13,11,9,11,13,12,17,61,47,27,5,0,0,,
Firth Park,E01008063,1524,11,12,19,12,7,14,19,17,15,22,16,18,14,10,16,20,14,20,12,13,14,11,7,7,7,8,7,18,5,20,14,26,15,28,23,27,24,28,25,34,17,21,23,23,15,29,17,24,13,26,22,21,23,18,19,35,25,24,26,13,25,17,20,17,21,14,21,20,14,11,21,21,11,17,12,79,49,29,19,3,0,,
Firth Park,E01008120,1407,20,22,24,23,24,29,19,18,17,28,21,25,17,20,21,18,20,22,25,26,22,29,17,21,26,29,18,19,22,10,23,19,26,30,25,30,15,26,22,17,24,11,20,20,20,13,15,13,17,15,23,12,13,16,17,9,10,7,10,5,7,11,15,10,14,10,17,9,8,8,12,7,8,9,6,46,22,9,4,0,0,,
Firth Park,E01008121,1457,21,29,24,24,33,25,25,28,16,23,24,20,25,17,19,19,15,18,16,28,28,27,25,21,18,26,18,17,17,23,35,20,28,21,18,23,14,23,25,23,7,13,23,11,19,16,13,11,10,12,6,18,15,14,20,11,15,10,18,15,15,24,17,18,18,14,11,11,17,15,7,13,10,8,6,37,25,9,3,3,0,,
Firth Park,E01008122,1378,35,26,19,22,26,24,20,21,22,22,23,16,15,17,18,18,17,20,14,23,38,23,32,21,25,25,24,16,21,25,19,22,22,18,11,19,16,16,12,18,16,23,13,13,18,15,25,16,20,13,14,10,15,17,8,9,12,18,10,19,13,13,12,13,16,14,10,10,15,12,3,8,7,9,3,33,22,12,8,0,0,,
Firth Park,E01008123,1471,19,18,19,26,27,24,28,22,26,28,32,24,24,25,28,24,17,21,12,24,22,18,18,14,11,18,14,20,24,29,28,17,24,23,22,29,19,16,13,21,23,25,25,19,21,12,17,12,11,19,14,16,14,16,17,12,13,13,13,9,10,14,11,10,12,18,8,15,11,7,11,11,17,6,18,45,30,22,6,0,0,,
Fulwood,E01007858,1432,8,10,8,13,8,10,11,16,8,15,13,8,11,11,9,10,16,11,32,62,62,26,32,28,21,27,23,29,23,27,36,33,19,26,16,21,18,16,22,20,21,15,14,19,26,17,17,16,14,18,16,15,22,19,32,20,20,16,15,12,13,7,9,6,5,7,9,16,8,9,6,5,11,9,8,48,34,23,14,6,0,,
Fulwood,E01007861,1502,8,15,18,10,17,12,14,21,19,14,24,18,27,19,19,20,16,17,18,9,9,9,16,11,15,9,13,17,22,11,14,9,22,11,15,17,17,20,21,24,23,25,27,24,16,29,24,24,20,23,23,34,26,38,38,23,32,17,14,15,12,18,21,13,19,14,20,14,21,14,14,15,10,8,16,50,51,29,11,0,0,,
Fulwood,E01007862,2829,11,10,7,9,11,10,7,10,13,14,9,8,8,11,11,4,5,7,450,979,268,98,65,44,26,27,21,22,21,17,20,20,17,18,18,20,9,15,13,9,17,15,9,9,11,18,13,10,13,11,13,12,12,14,16,8,14,12,16,15,11,12,10,4,10,6,10,7,12,11,6,3,13,3,8,33,25,16,9,0,0,,
Fulwood,E01007865,1634,18,20,20,17,26,18,16,17,17,11,16,17,19,14,24,16,17,22,23,18,8,21,26,23,21,23,36,24,29,31,29,16,37,19,35,29,30,29,23,29,31,19,28,24,15,27,23,30,29,21,28,17,24,28,20,20,21,7,20,21,16,9,13,10,11,13,9,12,14,8,10,15,11,11,8,43,40,33,11,0,0,,
Fulwood,E01007956,1493,7,18,13,15,13,17,16,17,20,19,17,22,22,19,14,20,12,14,10,11,4,8,11,6,13,0,9,8,5,12,9,9,8,19,8,15,16,16,32,19,24,23,33,19,23,25,17,17,23,21,23,26,15,20,25,23,30,37,17,25,18,16,22,20,21,22,32,27,27,19,28,16,17,21,25,104,29,14,6,0,0,,
Fulwood,E01007957,1636,12,23,11,29,24,17,18,25,13,27,24,24,24,18,23,23,20,23,16,12,18,11,8,11,9,11,14,14,14,20,20,24,25,17,27,30,29,24,30,23,24,20,24,30,29,15,27,24,29,22,20,29,37,42,26,20,32,19,15,11,19,20,21,19,14,24,19,18,17,9,18,20,13,12,14,60,25,8,6,0,0,,
Fulwood,E01007958,1515,14,15,17,21,21,16,22,21,18,17,19,24,21,22,22,15,19,15,11,12,14,12,13,17,13,9,13,5,12,7,13,15,11,14,12,17,27,13,20,26,20,31,18,20,18,21,19,15,28,18,24,37,35,38,37,26,23,22,21,15,19,17,12,20,12,25,16,15,12,16,12,14,20,16,8,61,47,31,8,3,0,,
Fulwood,E01007959,1505,13,10,14,21,26,23,21,19,22,22,22,30,14,19,21,22,20,28,12,14,14,3,12,13,5,5,8,9,7,10,13,11,14,13,21,15,27,29,31,30,20,22,27,29,27,32,29,27,27,28,23,25,34,28,24,23,26,23,22,17,10,14,11,18,15,16,13,26,13,11,14,11,8,10,11,43,31,23,8,3,0,,
Gleadless Valley,E01007975,1530,18,18,12,12,14,15,13,9,15,20,16,18,17,18,23,23,20,13,20,13,16,16,31,18,25,13,22,19,25,36,31,20,25,19,30,30,24,35,10,28,22,19,11,21,15,14,18,18,20,15,17,15,19,28,18,19,16,22,21,17,22,16,17,22,14,9,21,14,18,14,11,15,14,13,12,58,45,16,11,3,0,,
Gleadless Valley,E01007978,1420,13,12,19,27,17,20,10,25,26,21,24,28,20,20,25,21,23,16,18,11,22,19,21,17,20,20,26,18,31,25,30,23,25,29,41,34,34,32,42,56,23,16,22,15,14,29,27,20,11,21,11,16,12,18,11,12,11,9,7,8,7,8,7,12,10,5,9,10,7,7,0,4,5,7,11,17,8,9,3,0,0,,
Gleadless Valley,E01007979,1621,30,30,11,14,21,25,16,19,22,31,22,23,20,20,28,15,22,13,45,85,36,16,20,7,20,13,13,18,18,15,28,30,31,17,22,32,24,11,18,24,20,20,15,16,12,12,9,17,15,16,9,10,7,11,13,14,19,13,12,10,10,14,14,15,10,15,17,16,15,28,24,18,27,18,14,74,51,28,11,4,3,,
Gleadless Valley,E01007980,1529,26,29,15,18,19,25,22,11,31,23,27,23,23,16,16,19,22,22,18,25,14,12,19,14,17,14,29,29,34,37,44,34,33,36,39,48,33,29,23,39,28,26,16,23,18,27,31,17,20,8,13,14,14,12,12,10,10,6,11,9,10,11,10,8,4,12,9,11,9,8,8,5,6,8,5,19,21,22,8,3,0,,
Gleadless Valley,E01007981,1318,18,21,9,15,12,18,12,15,22,15,15,20,15,17,11,13,10,15,22,25,28,27,25,30,20,18,25,24,24,18,23,20,32,22,37,24,21,17,31,28,22,22,22,15,13,19,14,16,22,24,20,14,10,13,20,14,10,9,6,10,8,11,13,10,5,9,8,12,4,12,10,6,3,6,5,30,21,12,4,0,0,,
Gleadless Valley,E01007983,1465,27,22,18,23,30,21,14,17,23,21,10,19,8,15,12,17,15,20,11,9,8,19,25,28,24,35,29,34,62,36,43,48,40,39,36,28,37,37,32,31,20,16,18,19,19,20,15,12,17,13,8,13,12,13,19,10,10,11,6,9,4,10,8,6,6,15,6,9,4,8,4,6,3,3,7,31,12,11,6,3,0,,
Gleadless Valley,E01007984,1514,17,23,14,26,19,19,18,15,18,26,17,17,23,21,21,23,14,17,20,5,9,11,5,11,13,7,15,23,15,17,27,28,38,32,25,27,29,29,33,33,19,36,31,16,18,16,17,27,12,17,18,15,16,20,23,15,18,25,22,14,20,26,18,12,17,19,11,17,12,11,17,13,10,7,14,34,36,18,3,4,0,,
Gleadless Valley,E01007985,1504,17,17,12,18,24,19,22,19,26,20,22,17,18,16,13,15,10,11,14,9,10,10,11,13,17,17,14,24,19,30,29,26,28,31,30,32,27,34,35,22,30,21,18,23,24,25,12,22,20,14,11,14,23,16,18,14,17,21,15,12,19,14,14,16,9,18,19,12,11,9,16,10,16,11,13,46,30,31,16,6,0,,
Gleadless Valley,E01008075,1515,29,23,26,25,18,22,18,16,25,17,20,26,24,24,21,13,16,28,22,20,21,23,26,19,20,22,21,17,18,27,29,18,30,25,27,20,23,14,20,21,19,16,13,18,17,13,17,16,8,16,15,12,16,8,12,21,17,25,17,10,19,13,10,12,10,9,16,11,11,15,12,24,19,22,10,69,37,13,3,0,0,,
Gleadless Valley,E01008076,1388,14,16,15,20,17,16,29,16,17,19,21,14,17,19,17,18,13,8,16,17,23,20,18,16,12,17,13,16,25,18,20,18,26,17,22,16,24,25,12,13,18,10,21,16,14,11,17,14,15,24,15,14,18,16,18,18,14,18,10,11,13,11,20,15,8,6,16,10,16,17,15,25,21,22,19,71,40,14,4,3,0,,
Gleadless Valley,E01008077,1500,18,15,13,18,17,14,13,18,26,15,29,18,21,20,17,23,10,17,18,15,15,18,13,12,9,12,17,15,18,21,21,20,25,24,14,15,24,24,22,21,16,21,25,26,17,12,19,14,14,22,10,22,16,20,25,19,19,15,22,11,15,20,10,15,12,16,18,27,15,14,14,18,22,21,20,70,48,29,12,4,0,,
Gleadless Valley,E01008078,1370,11,15,6,12,16,13,13,17,15,14,14,11,8,11,16,11,13,16,11,15,13,11,9,17,10,6,7,9,0,13,15,9,13,20,24,13,18,17,15,15,21,20,19,17,26,26,12,20,23,26,20,18,25,30,29,21,25,25,16,17,12,22,18,17,37,19,21,15,14,11,18,17,12,14,17,64,52,28,11,3,0,,
Graves Park,E01007827,1598,13,6,17,13,17,20,16,18,15,10,20,18,11,29,24,16,18,22,23,18,16,19,13,18,8,8,14,10,19,18,19,31,27,21,18,26,24,32,31,29,26,27,18,29,31,27,17,26,21,24,22,21,25,25,39,19,21,23,31,21,22,19,25,21,15,16,16,12,10,13,17,12,8,15,17,45,37,33,4,3,0,,
Graves Park,E01007828,1598,14,23,26,22,24,23,16,20,22,21,23,28,18,14,13,17,22,19,20,10,11,10,16,13,8,10,12,20,21,18,28,32,27,25,32,26,39,42,30,17,24,21,20,20,24,26,12,16,16,9,10,17,20,21,17,15,26,14,13,10,18,17,21,14,16,19,17,21,16,18,26,23,17,19,9,71,42,26,5,0,0,,
Graves Park,E01007829,1436,17,9,15,13,23,23,27,20,10,17,15,9,19,19,13,16,15,9,14,12,18,17,18,16,29,22,14,25,26,34,30,37,41,21,36,43,26,18,31,31,21,14,21,24,28,14,18,13,21,15,12,21,12,14,16,10,19,17,23,12,15,14,13,12,19,11,9,12,7,9,16,7,8,6,3,40,23,9,7,3,0,,
Graves Park,E01007830,1497,12,14,12,13,14,19,24,16,12,22,15,24,19,14,12,19,12,14,13,13,8,11,9,7,12,12,20,13,21,12,17,12,16,21,20,25,24,21,27,24,21,28,22,23,22,19,20,22,16,17,24,12,13,23,27,22,17,17,25,25,18,15,31,12,18,17,16,7,12,24,17,17,13,23,11,66,46,44,27,3,0,,
Graves Park,E01007831,1461,12,13,9,16,13,14,19,16,18,22,11,22,15,21,16,27,21,20,16,16,23,13,22,17,16,19,26,31,20,31,31,27,29,24,20,24,18,22,28,28,29,28,20,17,13,25,24,21,19,22,23,23,25,21,25,18,26,19,12,15,8,15,14,9,8,14,12,7,8,7,13,8,3,5,8,37,28,14,9,3,0,,
Graves Park,E01007832,1550,22,29,15,22,12,18,17,27,17,22,20,21,24,19,25,17,16,16,14,15,15,10,11,19,18,26,25,28,31,27,35,37,32,35,27,28,40,25,27,29,19,28,25,30,21,21,16,23,12,12,18,18,22,20,26,22,14,15,16,9,10,12,12,14,10,13,10,10,8,10,8,13,4,3,10,46,24,25,5,3,0,,
Graves Park,E01007986,1428,18,18,11,17,12,16,12,20,17,17,19,15,15,15,11,14,14,9,11,12,12,9,22,17,23,36,29,38,45,37,37,37,37,34,32,31,26,25,40,23,11,16,19,15,18,14,12,13,12,9,9,9,13,7,18,16,15,20,14,17,10,16,16,15,19,16,8,10,5,9,10,7,7,6,6,36,34,20,9,6,3,,
Graves Park,E01008079,1236,6,8,14,14,9,12,17,11,17,13,24,13,21,18,14,15,15,13,10,8,9,9,8,4,7,9,14,6,12,13,10,8,14,14,15,20,19,22,19,24,20,21,16,29,19,22,16,17,23,20,17,15,23,17,23,16,22,19,26,13,12,14,16,14,14,14,10,12,4,17,10,11,8,18,12,60,40,21,7,0,0,,
Hillsborough,E01007987,1502,11,18,18,14,22,15,32,27,26,33,21,27,22,26,20,28,20,10,14,11,19,12,6,9,17,24,15,17,19,23,27,23,24,31,21,40,25,28,29,43,37,28,30,22,24,21,26,22,25,21,16,15,24,15,29,15,9,16,15,8,14,13,18,5,9,16,9,9,6,14,13,8,10,4,6,18,23,18,4,0,0,,
Hillsborough,E01007988,1439,14,12,11,17,16,11,14,20,20,25,12,16,20,11,14,22,15,15,13,11,13,7,14,7,9,8,14,14,14,20,16,12,16,26,22,15,23,20,22,17,22,31,29,25,19,21,13,19,27,19,15,25,19,30,31,19,18,21,18,20,16,28,17,13,13,16,13,13,15,18,8,15,15,19,17,57,49,23,12,3,0,,
Hillsborough,E01007989,1457,18,15,16,22,11,17,17,17,17,17,23,21,12,16,20,11,14,12,9,18,20,21,16,18,17,23,33,19,29,29,38,32,35,28,29,28,27,23,19,27,26,21,22,17,16,18,14,25,16,18,23,22,24,21,17,17,21,12,13,23,12,7,10,8,13,16,20,16,10,8,8,10,11,10,7,25,27,13,6,0,0,,
Hillsborough,E01007990,1508,9,11,10,9,11,20,15,18,16,20,29,16,23,22,22,21,23,13,10,17,22,11,12,16,13,8,12,14,7,12,23,17,15,18,20,25,22,23,22,24,27,25,24,28,20,19,16,22,12,22,23,16,20,22,22,14,17,22,11,27,14,19,22,29,21,22,19,27,26,15,23,21,20,7,11,62,38,24,5,3,0,,
Hillsborough,E01007991,1558,19,21,12,22,24,27,22,25,29,32,22,22,33,27,27,20,19,23,12,16,18,14,8,10,11,11,9,20,29,16,22,14,23,24,23,19,22,23,29,34,23,12,19,23,22,16,18,22,12,11,19,13,29,12,20,24,21,21,23,15,18,24,15,21,13,13,14,14,15,15,14,16,10,12,11,55,45,19,6,0,0,,
Hillsborough,E01007992,1622,16,26,17,25,25,22,18,24,16,21,23,22,19,22,16,22,21,14,13,17,10,14,14,9,29,24,15,24,33,43,40,29,34,41,32,41,30,28,36,28,22,27,18,21,17,20,20,19,20,11,13,17,16,16,16,17,18,14,18,19,18,17,8,10,12,13,14,15,8,7,16,5,7,8,14,51,45,30,9,3,0,,
Hillsborough,E01007993,1646,11,13,12,21,24,21,15,26,22,24,27,27,32,27,28,24,19,16,12,14,19,14,16,12,15,20,17,19,20,21,21,21,25,23,21,30,15,35,26,35,31,24,26,29,15,16,17,21,20,15,13,19,24,32,24,21,10,15,17,15,16,14,12,23,16,20,13,23,13,17,14,13,14,17,12,74,43,29,16,3,0,,
Hillsborough,E01007994,1497,21,13,28,23,24,18,16,23,16,22,24,19,27,12,17,17,23,23,23,14,14,6,20,20,18,28,23,27,24,25,25,29,33,32,41,29,33,27,22,28,23,33,28,34,27,12,25,20,16,19,16,23,21,22,23,9,16,18,11,13,14,13,9,15,12,10,11,8,8,9,8,3,0,5,7,21,13,12,3,0,0,,
Hillsborough,E01007995,1506,19,20,19,21,21,28,22,20,19,20,11,23,18,15,23,12,10,14,19,13,9,16,20,34,23,25,34,30,43,37,32,36,39,39,37,41,24,33,27,30,31,25,16,15,21,19,18,16,14,18,17,16,17,15,12,12,13,10,15,8,15,17,8,7,10,11,11,13,7,7,0,8,4,4,5,36,23,13,3,0,0,,
Hillsborough,E01007996,1469,14,13,20,22,14,21,13,23,13,23,18,14,14,15,14,14,9,21,9,13,13,23,23,18,18,15,22,27,24,26,28,31,18,25,26,22,22,43,15,31,23,18,18,19,19,13,21,21,11,10,16,8,14,14,25,20,24,21,14,18,15,24,16,12,13,14,12,9,9,10,12,17,15,19,14,38,49,31,6,0,0,,
Hillsborough,E01008089,1487,16,20,24,18,18,30,19,25,33,22,28,27,19,26,24,26,27,12,17,14,12,10,19,16,19,10,19,21,12,19,25,21,33,34,24,32,26,22,25,28,19,27,16,15,23,17,12,14,15,6,15,11,20,17,15,11,11,11,15,14,7,14,13,16,13,17,22,22,19,10,19,10,12,9,12,40,37,11,8,0,0,,
Hillsborough,E01008091,1552,13,19,18,22,22,14,20,24,18,21,28,12,23,24,21,15,25,23,23,22,21,36,23,29,27,20,24,35,33,24,39,32,35,45,31,30,34,39,24,24,31,24,31,38,21,23,16,25,23,13,13,18,12,16,15,13,17,10,9,10,10,9,16,13,8,18,9,6,9,8,6,5,0,4,0,19,14,5,3,0,0,,
Hillsborough,E01008093,1494,20,19,24,11,19,14,15,14,16,13,16,13,13,10,11,18,16,12,14,12,21,25,19,21,20,32,23,33,26,26,26,42,33,41,28,31,27,44,18,25,23,22,20,15,18,15,9,20,9,19,16,13,18,21,19,17,14,21,12,17,12,14,16,14,13,9,12,12,11,16,12,11,10,10,11,45,37,18,9,3,0,,
Manor Castle,E01007878,1624,24,28,21,18,29,20,29,29,20,28,25,25,26,15,30,26,26,15,18,24,20,22,14,21,25,13,19,19,23,22,27,33,26,26,29,26,23,20,27,29,14,16,19,14,27,16,18,18,19,15,11,19,25,17,29,13,22,20,14,17,18,20,26,18,17,19,15,14,12,12,11,14,16,8,6,42,31,15,7,0,0,,
Manor Castle,E01007879,1574,21,12,13,12,12,19,16,14,17,14,18,18,7,17,14,17,15,14,28,57,65,65,43,27,23,31,20,18,30,31,29,16,23,25,17,19,18,21,27,25,13,20,12,26,22,24,20,12,17,19,21,23,11,15,12,12,15,12,9,16,13,11,10,10,12,15,14,11,5,19,19,7,10,15,19,56,51,14,4,0,0,,
Manor Castle,E01007880,1583,21,20,10,14,16,22,13,9,14,20,11,12,14,9,26,6,11,8,24,37,32,37,33,34,39,35,31,39,34,39,27,30,25,27,39,23,22,28,20,32,17,16,18,23,20,16,15,17,16,14,17,14,21,23,19,17,14,23,9,16,12,18,12,15,10,10,15,17,6,8,14,8,5,12,10,51,42,27,3,0,0,,
Manor Castle,E01007882,1506,14,16,14,14,17,13,12,14,15,18,11,20,14,20,15,17,19,15,24,45,61,43,50,29,31,26,24,27,25,23,27,24,22,13,29,10,18,13,21,25,24,16,19,13,19,16,19,20,17,17,27,19,16,20,15,17,14,13,18,10,23,15,16,12,15,16,14,11,11,8,11,14,13,9,4,39,19,14,5,0,0,,
Manor Castle,E01007884,1421,14,12,9,12,13,9,9,18,8,9,12,13,13,11,16,15,6,10,27,61,28,17,36,21,29,24,22,19,37,24,28,24,25,24,23,24,11,24,22,26,23,17,12,16,22,15,6,20,17,9,20,15,13,9,25,11,8,17,15,19,17,16,17,12,13,19,8,15,10,9,14,19,11,10,11,52,41,25,5,3,0,,
Manor Castle,E01007885,1461,18,21,23,29,32,25,33,17,17,26,29,16,17,21,15,14,7,10,21,36,43,40,27,32,26,37,41,30,48,39,32,41,26,34,23,34,20,12,23,23,11,16,15,14,15,13,13,9,17,16,7,16,12,11,13,11,10,8,10,5,12,8,6,13,10,7,10,5,9,10,9,8,6,4,4,18,14,5,3,0,0,,
Manor Castle,E01007886,1608,21,32,21,28,32,34,34,28,35,30,35,30,27,22,25,24,12,15,10,18,34,31,20,23,13,23,20,24,27,22,40,20,39,35,19,30,25,16,29,26,20,13,18,19,13,10,20,16,18,17,18,21,14,14,21,16,17,16,13,14,11,16,16,9,12,9,22,12,14,12,10,15,5,9,13,33,23,6,4,0,0,,
Manor Castle,E01008011,1487,26,22,31,25,24,23,19,20,27,26,31,29,32,28,29,27,28,19,22,22,25,19,18,20,20,19,13,16,23,27,23,26,34,15,26,18,25,21,29,20,20,25,17,21,25,13,12,18,17,12,12,10,24,18,14,13,12,16,12,10,9,9,17,9,12,13,8,10,8,8,9,6,10,8,14,36,21,6,6,0,0,,
Manor Castle,E01008012,1365,26,24,23,25,15,25,19,31,31,21,19,32,22,16,20,17,16,16,16,20,18,21,14,11,11,15,15,14,18,15,27,13,20,21,18,20,23,14,16,23,18,23,21,19,22,13,17,9,14,12,13,12,16,8,12,11,14,13,12,12,13,11,12,16,15,25,18,12,10,19,6,6,7,14,7,60,25,12,5,0,0,,
Manor Castle,E01008013,1489,29,29,27,21,37,22,25,23,25,29,32,28,29,30,23,25,27,23,19,12,17,11,11,20,19,16,21,12,23,20,31,33,17,11,22,21,27,21,22,15,13,20,13,21,21,21,13,8,19,16,12,16,19,22,20,16,16,17,16,16,8,10,10,6,13,9,15,11,11,7,11,9,14,13,10,40,30,19,0,3,0,,
Manor Castle,E01008015,1506,22,8,19,18,15,15,21,18,22,21,18,18,22,15,15,13,20,17,25,15,25,26,19,11,13,14,13,15,25,18,28,18,16,30,21,20,21,13,16,20,17,24,17,16,16,21,15,21,15,16,20,19,11,12,18,20,12,25,12,22,15,22,12,15,15,13,14,13,5,13,11,10,13,23,15,108,75,22,4,0,0,,
Manor Castle,E01008018,1601,15,15,15,32,23,19,27,30,24,24,23,27,27,25,18,27,27,20,15,19,16,13,21,27,21,18,23,23,19,17,23,34,27,26,21,24,31,9,20,29,31,17,26,20,17,18,15,18,24,15,17,18,12,21,20,20,7,16,19,22,15,13,12,13,8,15,6,16,18,14,13,11,19,15,11,74,49,9,3,0,0,,
Mosborough,E01008019,1603,14,25,17,33,25,16,25,24,21,26,21,25,28,28,21,24,23,20,22,19,14,20,15,26,13,27,19,25,23,26,40,29,25,24,23,29,17,26,24,22,17,25,19,16,13,26,10,24,22,27,21,23,24,28,34,27,27,19,28,19,15,19,10,19,9,9,8,9,5,9,7,8,9,7,6,30,22,15,11,3,0,,
Mosborough,E01008020,1532,19,19,17,10,22,14,21,19,29,15,14,17,23,25,19,22,25,25,21,17,18,16,24,26,14,19,25,26,14,25,29,33,19,18,19,33,26,25,20,31,23,29,24,35,30,30,34,24,24,14,12,28,20,15,20,25,15,27,22,15,11,12,13,8,9,9,6,8,10,6,5,9,7,16,8,37,23,9,7,0,0,,
Mosborough,E01008021,1415,19,19,16,20,19,19,22,21,15,22,21,17,22,16,17,14,24,17,21,11,13,11,14,16,10,10,20,14,21,26,30,22,17,21,21,23,33,31,34,34,33,32,39,24,23,26,27,23,23,20,28,24,20,23,25,15,19,16,12,8,18,17,9,11,8,10,7,9,10,4,5,4,5,3,10,18,8,3,3,0,0,,
Mosborough,E01008022,1501,16,15,28,15,19,15,23,20,16,24,14,16,20,24,18,21,14,14,20,16,25,14,15,15,17,17,22,27,23,26,38,27,16,23,22,26,16,23,17,22,15,25,16,17,21,14,25,11,21,19,21,15,17,21,29,19,17,17,19,16,14,18,8,17,10,13,15,8,7,17,10,21,10,12,12,52,46,22,12,3,0,,
Mosborough,E01008023,1605,27,21,29,24,34,35,21,20,13,16,14,15,14,8,12,16,13,18,10,15,13,11,17,19,17,24,43,37,42,52,43,47,54,49,54,40,35,33,41,24,22,26,24,13,19,23,13,16,19,23,27,16,25,24,24,18,15,17,13,13,12,6,8,4,8,17,10,8,8,7,4,8,5,3,3,17,13,4,0,0,0,,
Mosborough,E01008024,1607,16,24,13,16,20,22,22,18,13,18,18,19,23,13,20,16,22,16,19,17,17,10,17,11,23,27,25,36,31,23,32,42,27,30,30,21,32,33,23,31,29,20,27,24,22,23,18,18,21,14,13,15,18,16,21,23,13,18,16,14,17,10,17,19,18,24,20,12,8,14,15,17,18,8,11,51,42,17,0,0,0,,
Mosborough,E01008025,1678,19,20,22,16,26,21,16,19,28,20,24,20,18,15,18,14,16,17,11,16,11,13,11,15,15,19,25,22,25,25,35,34,27,35,29,44,25,24,22,26,23,23,31,25,16,20,22,19,24,21,21,17,9,24,26,34,20,24,27,21,9,22,23,21,19,19,15,10,12,12,18,22,19,16,11,47,45,21,9,3,0,,
Mosborough,E01008026,1455,15,14,9,11,13,9,13,12,8,13,16,10,14,16,19,20,13,17,13,18,18,19,12,16,18,14,14,12,13,19,19,15,19,24,27,21,22,16,27,18,19,14,18,25,20,27,14,20,22,17,32,25,31,36,32,40,31,36,19,23,18,23,28,18,12,20,14,18,11,9,12,10,18,12,18,48,19,7,3,0,0,,
Mosborough,E01008027,1462,17,22,23,13,17,13,17,24,17,24,8,14,18,17,10,19,16,14,15,14,14,9,14,11,17,13,9,16,26,24,27,36,27,17,25,32,27,18,25,20,17,19,14,21,22,19,15,10,16,11,15,20,14,19,29,15,25,18,16,16,19,19,18,16,13,11,9,14,8,13,22,5,15,12,7,61,51,40,16,3,0,,
Mosborough,E01008037,1562,8,13,15,7,17,16,10,8,18,10,11,19,19,22,20,26,21,18,16,21,14,17,17,7,11,5,16,19,9,16,16,18,14,16,17,21,17,19,19,15,19,20,15,25,19,22,19,23,27,20,30,19,35,30,25,19,25,26,25,14,19,21,22,20,25,16,15,20,18,17,25,23,13,17,22,83,74,27,7,3,0,,
Nether Edge,E01008042,1492,22,14,22,12,22,12,16,15,13,20,15,18,16,24,21,18,24,14,17,27,36,35,51,32,30,39,26,28,35,32,29,23,29,31,16,22,17,22,20,36,22,15,15,20,22,20,13,15,20,14,10,9,10,21,12,20,9,9,14,12,12,11,14,16,13,10,13,7,9,11,13,8,6,10,6,33,31,13,3,0,0,,
Nether Edge,E01008043,1514,15,15,18,17,19,17,19,15,14,15,22,15,20,17,26,14,29,17,25,14,12,7,21,10,14,8,18,11,17,10,11,18,20,26,25,27,17,22,31,18,32,30,24,13,21,21,34,24,30,27,22,20,24,17,29,19,16,26,16,14,16,17,18,12,13,12,15,22,8,18,12,13,17,13,16,51,33,25,13,5,0,,
Nether Edge,E01008044,1479,18,18,18,19,17,22,19,15,15,18,12,17,10,17,26,15,14,18,12,10,9,10,19,13,13,10,14,13,16,27,21,21,17,20,20,12,26,19,25,21,24,15,19,17,23,21,24,19,23,22,18,18,17,21,19,20,15,20,18,19,16,9,13,25,17,19,19,25,14,28,15,20,19,20,17,72,37,18,8,0,0,,
Nether Edge,E01008045,1425,25,19,27,13,17,27,20,29,19,20,18,22,22,21,9,19,20,16,16,16,34,22,28,17,14,27,22,25,31,23,26,20,29,20,27,18,23,32,21,29,19,19,22,24,16,20,15,18,16,15,22,21,20,21,16,18,18,10,10,6,9,10,7,9,11,7,6,7,7,7,13,8,3,9,5,24,33,15,3,3,0,,
Nether Edge,E01008046,1514,24,14,10,20,15,15,17,21,18,19,18,16,13,15,11,15,17,9,13,22,36,53,45,34,34,44,43,36,30,42,32,33,34,34,36,38,31,34,29,20,24,16,15,14,18,13,12,18,16,9,17,19,11,11,13,7,13,11,7,10,9,9,7,9,5,10,13,8,10,8,9,13,4,14,4,31,20,11,6,0,0,,
Nether Edge,E01008047,1574,10,10,5,4,4,7,5,8,7,10,13,15,8,8,12,6,10,3,13,47,140,186,145,58,64,44,42,51,36,27,34,34,27,13,27,25,25,13,13,15,24,16,21,8,10,11,12,11,10,11,12,11,10,10,10,3,5,5,6,6,8,9,3,4,10,5,5,3,3,4,8,6,7,7,3,11,16,18,8,0,0,,
Nether Edge,E01008048,1513,15,7,8,9,12,13,12,13,8,8,11,14,14,13,11,12,10,11,13,45,127,175,118,48,50,31,43,27,23,20,20,25,20,22,19,11,14,17,17,13,12,12,15,14,16,9,10,13,13,12,8,17,12,21,19,14,16,9,6,6,6,7,7,6,14,8,8,10,10,4,4,0,3,10,4,21,27,4,4,3,0,,
Nether Edge,E01008049,1611,5,11,7,9,14,13,11,10,8,15,9,12,21,17,13,14,11,13,18,40,57,59,43,23,17,17,20,12,20,18,14,12,10,13,13,15,13,19,19,21,26,12,22,18,14,21,34,19,20,20,28,23,31,27,18,10,20,18,16,15,8,19,16,10,9,13,16,5,10,15,10,10,10,18,14,75,87,81,44,20,3,,
Nether Edge,E01008051,1780,29,17,27,21,23,16,11,28,15,26,18,23,19,27,26,26,21,29,28,44,43,61,63,44,32,41,38,47,54,37,47,41,35,31,41,15,28,31,19,23,20,23,21,17,26,19,15,19,18,16,16,19,14,18,15,12,13,15,11,9,6,7,9,9,11,11,10,6,0,8,7,5,5,6,5,19,26,23,19,7,0,,
Nether Edge,E01008052,1542,23,16,17,13,19,13,20,13,21,22,13,11,12,11,22,17,19,19,23,36,38,47,35,38,32,26,35,23,24,30,39,33,21,29,32,25,21,21,25,22,16,16,20,19,26,17,13,23,19,28,26,26,15,20,21,15,18,12,9,10,8,11,9,8,7,6,10,13,9,12,11,11,3,7,6,26,32,12,12,4,0,,
Richmond,E01007963,1515,17,12,12,15,17,10,17,10,11,16,12,20,18,20,16,14,12,15,16,22,18,18,12,20,9,18,16,16,14,21,27,21,30,17,30,24,19,15,20,20,17,23,21,21,15,20,22,23,19,21,22,18,28,26,30,20,16,22,22,21,14,25,23,25,18,14,13,19,15,13,10,14,16,14,18,52,48,36,14,0,0,,
Richmond,E01007966,1550,18,18,24,19,21,28,28,21,22,19,28,22,22,33,20,25,23,19,22,5,15,14,18,14,11,12,7,20,21,24,21,29,28,26,26,22,31,29,36,32,36,26,19,27,21,27,23,17,14,16,16,17,23,25,14,11,22,11,13,9,21,15,12,14,16,11,11,11,6,15,10,9,3,9,11,54,41,14,7,0,0,,
Richmond,E01007967,1669,23,28,20,22,15,29,15,19,12,21,19,16,22,13,10,11,13,5,11,10,17,10,12,15,10,15,13,21,25,20,20,28,29,23,29,19,23,11,21,16,16,12,16,14,11,14,17,13,19,12,21,20,15,28,22,20,13,17,16,21,15,15,12,10,19,20,18,24,20,15,14,25,20,25,20,164,135,35,12,3,0,,
Richmond,E01007999,1492,10,14,16,12,12,17,15,19,18,19,18,17,28,21,29,29,23,28,24,18,20,21,17,13,16,13,18,14,15,20,16,16,20,18,24,32,26,26,27,19,33,29,32,29,35,32,31,19,20,25,27,29,25,43,27,22,32,22,22,13,14,12,9,12,5,10,11,5,7,6,6,3,7,11,0,28,16,5,0,0,0,,
Richmond,E01008000,1525,14,15,15,16,11,12,19,9,14,15,17,18,11,22,14,13,14,19,18,9,18,11,15,17,17,16,13,16,21,22,28,21,24,30,35,20,23,25,20,16,21,14,19,20,26,15,19,21,17,19,20,15,21,24,18,20,5,21,17,12,19,16,16,17,14,20,7,17,17,7,16,8,16,13,15,69,75,62,31,3,0,,
Richmond,E01008001,1491,13,11,15,20,18,17,20,15,15,22,14,14,12,15,9,18,10,9,5,15,10,8,22,3,10,17,20,19,22,22,21,22,28,25,23,24,20,33,20,32,19,19,25,17,14,20,12,15,11,16,12,18,29,24,22,20,25,22,25,12,10,16,9,12,15,11,19,12,19,12,13,22,18,15,11,85,68,31,25,0,3,,
Richmond,E01008004,1567,12,14,17,13,16,20,23,19,17,12,19,12,15,16,13,17,14,9,11,12,15,24,13,12,11,12,18,16,23,13,14,22,27,23,28,22,23,25,19,22,18,19,18,22,19,13,12,12,13,17,17,31,32,27,21,19,23,19,15,22,22,25,17,25,23,14,18,15,13,21,21,15,13,18,19,89,87,33,7,0,0,,
Richmond,E01008008,1530,14,19,12,14,16,20,15,26,21,15,20,14,15,18,15,12,11,14,11,16,16,12,13,14,26,12,15,19,10,22,26,24,21,17,26,20,16,19,23,25,18,11,13,14,18,18,24,18,13,17,15,11,29,24,20,21,16,25,11,22,28,28,17,21,25,19,21,16,15,23,16,11,12,13,8,82,68,37,15,3,0,,
Richmond,E01008009,1570,31,32,32,42,39,37,40,31,50,39,28,27,33,21,23,17,13,16,13,11,13,27,13,21,12,21,26,31,22,40,24,27,27,24,23,25,25,27,17,23,17,20,17,12,22,9,14,13,12,11,12,12,10,9,15,8,11,15,14,16,11,15,11,10,13,19,6,18,15,11,16,12,11,11,9,37,20,7,3,0,3,,
Richmond,E01008010,1457,29,31,20,19,32,20,19,13,26,25,17,20,26,18,27,15,11,12,14,15,21,20,7,18,11,16,13,28,18,22,17,28,36,14,23,19,23,18,20,23,15,13,26,18,17,11,16,21,12,14,11,17,17,20,31,11,18,15,14,17,17,14,17,19,12,15,10,24,18,13,23,14,10,6,10,47,27,10,10,3,0,,
Shiregreen and Brightside,E01007847,1341,12,12,11,7,14,18,15,21,15,16,20,19,14,20,10,13,16,13,12,21,14,8,18,15,17,22,17,16,17,23,13,11,21,28,20,18,19,25,28,21,20,19,17,18,15,8,18,12,16,15,25,14,22,12,21,18,21,10,18,13,23,21,28,18,22,14,16,13,15,16,20,11,9,8,9,42,32,19,3,0,0,,
Shiregreen and Brightside,E01007850,1621,19,14,27,14,21,21,22,17,27,22,23,19,24,22,20,25,17,23,17,19,21,11,15,17,15,17,18,27,17,32,23,24,26,29,30,28,29,25,27,13,29,26,23,30,21,20,18,22,23,35,12,17,24,26,30,23,19,30,37,26,19,25,26,24,24,17,15,16,10,12,3,7,7,6,7,29,15,8,3,0,0,,
Shiregreen and Brightside,E01007852,1566,18,21,16,18,14,26,23,20,25,28,21,22,26,16,22,18,24,30,17,23,17,21,12,16,17,23,13,17,22,37,37,32,35,33,26,25,38,30,31,27,22,28,23,19,28,24,16,21,27,16,19,17,24,24,19,26,18,10,18,12,20,18,18,9,12,10,6,12,5,3,5,7,7,8,7,23,22,18,8,0,0,,
Shiregreen and Brightside,E01007853,1567,21,17,27,24,16,25,24,20,31,17,22,11,12,28,26,17,13,15,18,14,25,21,14,18,15,22,23,19,24,38,25,35,30,40,40,30,30,29,26,19,29,28,22,21,23,19,18,15,25,23,20,18,19,20,27,27,43,31,21,20,22,21,16,15,13,14,7,14,7,8,4,5,8,3,4,9,4,0,3,0,0,,
Shiregreen and Brightside,E01007854,1301,18,13,24,22,9,30,29,22,22,18,28,21,18,30,23,26,17,26,21,16,14,22,22,17,25,18,14,18,25,17,15,19,31,20,23,20,26,27,22,22,20,20,24,17,17,19,15,15,15,18,11,15,17,14,16,16,6,13,10,11,6,8,16,10,8,8,10,8,5,3,0,11,5,3,5,24,5,7,0,0,0,,
Shiregreen and Brightside,E01007855,1580,28,20,24,27,22,26,28,32,18,20,27,29,19,16,17,18,25,18,21,13,17,24,20,17,23,15,21,15,37,30,39,33,27,31,37,35,38,30,30,25,20,20,29,17,20,22,28,24,23,26,21,19,19,13,23,16,23,11,13,12,10,20,13,11,16,14,11,11,8,11,10,3,3,5,4,22,8,6,3,0,0,,
Shiregreen and Brightside,E01007856,1395,15,24,19,30,22,21,29,27,23,33,30,24,17,15,22,24,22,18,16,16,15,10,12,14,10,11,15,14,18,22,20,18,20,25,25,20,22,18,18,15,24,21,24,14,21,20,17,13,17,13,15,23,14,10,8,7,13,14,15,12,14,16,12,6,10,19,10,14,11,15,14,12,12,8,10,55,23,18,9,0,3,,
Shiregreen and Brightside,E01007857,1609,20,23,30,19,34,21,24,24,22,21,25,20,26,19,31,33,29,16,22,15,21,25,13,13,15,20,12,18,24,25,21,27,27,20,15,16,29,20,26,28,28,22,22,26,22,16,12,17,19,29,14,12,27,19,19,15,19,19,18,13,24,15,20,18,19,15,15,17,7,13,14,8,6,9,8,57,33,27,7,0,0,,
Shiregreen and Brightside,E01008054,1318,19,15,24,18,26,12,29,23,23,35,20,21,23,21,21,20,14,20,16,17,12,22,19,12,13,10,13,17,21,18,16,23,20,20,28,31,20,20,13,11,17,17,17,16,17,10,11,12,12,16,11,11,13,21,11,7,14,15,10,14,9,10,8,18,10,19,9,10,15,14,17,12,12,16,7,36,29,14,5,0,0,,
Shiregreen and Brightside,E01008055,1541,22,21,20,30,28,29,29,26,24,30,34,35,31,25,28,24,22,17,20,14,20,17,17,12,20,22,23,14,25,23,23,24,24,24,25,30,26,31,26,17,28,16,18,17,12,9,12,18,9,20,18,12,9,14,17,15,19,16,12,17,12,10,14,8,14,13,14,11,9,14,11,12,11,7,6,58,25,24,5,3,0,,
Shiregreen and Brightside,E01008057,1489,21,11,20,20,20,28,27,23,23,31,29,21,29,23,27,17,27,16,16,20,17,15,31,20,16,16,15,20,21,28,20,24,29,20,28,22,29,25,25,13,19,22,15,21,19,14,19,11,12,18,13,16,10,18,15,17,13,19,11,13,18,16,8,17,10,18,13,13,14,14,12,16,11,9,6,39,35,14,8,0,0,,
Shiregreen and Brightside,E01008059,1497,24,27,17,22,25,24,18,26,27,20,29,25,24,25,23,13,19,19,17,16,16,18,18,19,18,13,9,26,20,27,22,24,30,26,23,5,29,22,19,27,18,19,24,18,21,25,17,11,16,13,13,18,16,21,22,12,14,20,13,15,15,13,10,13,12,8,10,17,11,16,11,14,14,15,12,48,40,16,5,0,0,,
Shiregreen and Brightside,E01008060,1452,22,22,33,23,25,25,16,21,20,20,32,24,17,25,21,13,23,15,14,19,16,23,26,20,14,25,14,18,17,33,20,17,20,21,20,18,19,31,22,19,27,16,9,15,9,16,17,12,12,12,11,10,16,16,22,11,17,11,15,17,15,11,14,16,12,12,15,18,14,19,20,12,12,9,15,47,31,16,10,0,0,,
Southey,E01008085,1335,13,18,11,16,18,22,18,28,19,19,17,22,20,14,18,13,17,9,20,11,11,12,17,13,9,13,16,12,20,19,19,18,13,29,19,22,13,24,19,20,27,13,21,13,10,19,14,15,16,8,11,17,18,21,15,13,20,11,14,10,14,15,7,9,11,16,13,11,13,10,16,14,15,21,20,78,40,20,5,0,0,,
Southey,E01008086,1501,11,28,30,17,25,26,18,22,33,23,27,23,23,31,17,25,17,23,28,15,21,20,18,9,14,19,12,12,21,24,29,25,22,22,26,32,23,25,20,19,29,23,12,23,9,18,15,22,13,14,16,7,17,13,13,15,13,14,5,11,20,17,20,13,13,21,14,21,13,19,10,10,14,17,10,45,25,17,5,0,0,,
Southey,E01008087,1605,11,9,14,15,11,19,23,15,9,15,16,23,23,11,16,18,21,12,14,15,18,17,15,19,24,27,23,25,41,35,32,25,21,20,26,24,26,23,30,34,27,31,27,30,19,21,27,25,19,18,30,25,23,20,30,25,30,22,23,15,11,16,27,16,17,12,15,14,13,11,17,9,10,12,9,35,30,14,12,3,0,,
Southey,E01008088,1505,10,10,17,12,16,11,16,11,18,20,19,19,21,19,15,15,11,9,19,14,17,13,10,21,25,26,21,23,34,25,32,39,22,20,18,31,24,27,18,22,22,25,19,23,22,17,13,12,20,20,19,20,16,18,33,11,28,25,20,18,11,15,30,28,24,29,12,19,18,14,11,19,14,9,6,38,29,8,0,0,0,,
Southey,E01008090,1576,24,30,13,23,22,31,19,29,21,22,15,22,15,13,21,13,14,14,18,12,19,20,22,15,7,20,25,25,26,24,26,24,23,34,29,26,28,26,24,29,20,18,17,27,23,14,21,17,25,13,13,11,22,20,22,12,16,11,15,12,19,19,18,20,11,11,11,16,19,19,12,13,20,13,13,56,40,30,4,0,0,,
Southey,E01008116,1468,19,14,21,17,22,25,22,33,26,28,22,23,23,26,27,23,20,15,27,28,12,15,16,12,14,15,15,14,19,17,22,26,20,11,17,23,18,6,20,20,30,23,20,23,31,19,19,17,13,19,10,14,18,21,20,20,17,11,12,15,16,21,16,18,6,9,12,9,13,10,12,11,12,11,6,73,39,9,0,0,0,,
Southey,E01008117,1347,11,13,13,14,17,18,16,22,19,11,20,14,19,14,15,21,17,21,14,14,23,11,16,6,14,18,6,17,17,18,17,14,24,19,16,14,25,19,22,13,20,10,14,14,21,12,13,20,17,20,16,13,10,19,28,19,22,27,20,18,12,12,20,15,16,12,15,11,12,18,9,10,12,12,10,66,51,23,6,0,0,,
Southey,E01008118,1488,17,23,13,13,12,18,11,27,25,22,19,26,16,29,26,22,17,19,10,15,20,10,24,17,15,18,14,13,23,26,18,19,31,24,19,28,22,16,29,18,19,27,20,28,20,15,13,17,8,18,13,17,11,22,23,18,21,21,20,20,14,17,16,11,23,22,13,15,17,11,17,20,9,11,11,49,34,17,6,0,0,,
Southey,E01008119,1333,21,16,13,12,21,31,20,24,25,27,19,12,26,16,26,17,20,15,18,21,23,14,15,15,15,16,20,18,15,24,34,21,16,20,17,17,23,20,20,17,28,18,7,11,13,15,13,10,7,14,15,10,14,18,18,14,11,14,14,10,9,12,12,16,9,5,8,3,8,11,6,7,7,8,6,62,47,34,6,3,0,,
Southey,E01008124,1444,31,24,28,20,23,28,24,24,24,15,19,10,20,13,22,17,15,17,22,31,30,41,27,18,18,20,25,33,14,29,19,18,18,22,30,27,18,16,25,19,24,15,20,16,9,18,19,17,16,18,17,13,7,19,10,9,18,10,13,7,17,14,13,14,21,11,17,7,15,12,5,9,7,7,10,42,18,13,3,0,0,,
Southey,E01008125,1489,12,8,10,19,22,13,13,15,26,22,27,20,22,20,20,31,18,23,11,16,16,23,17,18,9,12,11,5,13,20,12,21,26,19,19,24,22,15,22,18,23,17,17,10,13,14,20,14,15,10,22,18,25,31,17,14,18,18,13,20,18,15,18,18,13,15,16,13,12,27,16,23,14,16,22,80,64,19,8,3,0,,
Stannington,E01007997,1543,17,16,21,13,15,16,18,13,16,20,17,20,12,17,17,20,16,16,6,12,8,11,11,4,10,12,9,11,18,15,20,36,23,25,20,27,21,17,22,24,16,26,18,18,18,24,17,17,16,16,19,16,18,27,23,21,22,24,35,19,26,34,24,38,34,30,28,24,22,19,17,13,17,15,19,47,43,15,6,0,0,,
Stannington,E01007998,1592,13,7,15,16,19,10,15,11,17,6,16,15,12,25,12,19,11,12,14,17,13,12,9,11,12,13,14,19,14,24,16,17,17,16,29,21,16,28,20,25,18,22,23,15,21,14,15,11,11,11,13,16,16,10,25,25,23,28,18,24,23,28,23,28,17,20,22,23,25,30,23,21,12,30,22,87,94,57,16,4,0,,
Stannington,E01008126,1548,6,13,10,14,12,13,13,20,27,19,21,26,28,21,19,21,14,13,13,20,12,16,13,5,12,12,5,8,14,15,12,17,22,15,10,22,22,26,23,20,27,29,31,21,27,26,29,22,20,23,26,24,13,35,32,29,41,26,22,22,21,25,27,20,23,20,21,21,21,17,15,17,13,11,13,45,28,18,3,0,0,,
Stannington,E01008127,1507,30,27,15,19,22,17,18,18,17,22,22,25,19,15,16,18,15,21,10,17,11,12,13,12,13,12,10,20,23,26,26,30,32,25,26,23,23,29,31,42,32,25,28,31,22,31,23,13,23,23,24,18,16,29,26,18,21,27,13,22,14,11,15,16,8,15,10,11,13,13,9,10,10,6,5,25,14,12,3,0,0,,
Stannington,E01008128,1454,11,11,22,12,14,15,15,8,14,17,10,16,15,20,14,17,15,22,9,8,14,8,18,10,16,14,16,14,9,10,14,27,16,18,21,17,23,22,21,18,24,21,29,30,23,26,28,22,25,16,27,24,30,29,42,34,31,29,21,24,15,20,16,17,11,8,17,12,14,17,8,14,9,6,11,49,30,20,14,0,0,,
Stannington,E01008129,1378,16,14,11,18,20,14,17,20,21,20,14,18,20,24,16,15,11,16,14,13,14,7,13,6,7,10,8,9,9,9,13,19,18,23,21,25,20,22,22,28,23,21,24,21,18,18,20,15,26,27,16,23,26,20,30,25,20,26,22,19,10,9,9,20,13,15,16,16,12,16,8,12,9,13,11,45,31,23,12,3,0,,
Stannington,E01008130,1542,12,7,12,10,14,14,12,19,14,15,11,23,22,24,21,18,12,11,14,16,13,15,11,13,7,8,14,15,13,7,26,10,18,19,19,25,23,17,14,31,17,21,24,25,28,21,19,15,27,15,19,22,39,33,31,21,35,52,21,25,29,30,24,18,19,25,25,21,17,23,11,11,21,7,16,49,40,19,4,4,0,,
Stannington,E01008131,1626,11,15,19,18,16,23,17,23,17,22,25,15,25,32,19,25,19,28,20,11,12,19,12,11,11,11,10,19,20,24,28,23,19,14,20,31,29,26,27,17,26,21,32,37,31,25,22,28,20,21,27,27,25,33,26,20,19,26,23,17,9,15,20,21,11,14,11,14,20,12,17,12,20,12,19,52,41,13,4,0,0,,
Stannington,E01008132,1511,15,20,24,19,19,14,19,21,23,20,24,24,28,26,24,37,19,23,14,23,14,11,8,8,4,5,8,8,14,23,18,23,17,32,37,26,25,9,32,38,39,31,43,35,34,32,29,29,22,23,21,23,17,25,19,18,23,11,7,10,8,11,18,10,9,18,7,7,11,10,9,7,10,10,12,37,22,5,3,0,0,,
Stannington,E01008133,1521,9,23,13,11,14,11,12,16,15,16,14,14,20,11,11,17,14,12,8,5,10,10,6,7,12,5,14,16,14,20,17,15,20,9,20,12,13,18,21,19,17,23,19,25,16,16,19,15,14,6,14,27,22,23,35,22,40,23,23,19,9,14,21,24,24,25,21,26,24,25,26,31,17,18,11,105,78,36,21,3,0,,
Stannington,E01008152,1456,19,10,15,17,14,16,13,12,17,14,11,20,17,13,13,9,10,12,12,7,7,8,5,11,16,7,11,18,14,17,18,35,23,30,24,30,21,28,32,26,19,21,17,23,25,15,12,19,22,23,15,13,20,17,20,14,22,25,16,25,18,20,23,19,17,24,29,22,22,12,16,20,8,18,11,68,45,26,3,0,0,,
Stannington,E01008158,1564,15,13,18,16,17,17,14,20,25,12,14,23,18,21,15,12,18,11,13,7,11,15,15,17,17,19,30,14,27,18,25,25,29,24,19,24,18,16,17,21,14,17,25,15,28,25,16,26,20,18,19,26,37,27,28,23,31,27,17,18,19,23,20,35,29,12,17,18,17,15,17,14,8,14,11,38,56,16,8,0,0,,
Stannington,E01008160,1445,22,24,15,16,13,17,10,15,20,7,9,13,12,18,18,17,8,12,6,14,17,17,20,16,23,18,21,28,42,40,38,34,24,17,19,18,20,36,26,15,25,23,20,20,22,17,19,16,15,20,14,23,14,28,23,17,18,18,14,11,16,15,19,16,15,11,11,12,10,11,12,10,7,4,9,58,30,16,8,3,0,,
Stocksbridge and Upper Don,E01008136,1373,16,12,21,13,13,22,17,15,14,27,13,16,23,16,12,18,17,14,13,11,14,13,20,7,14,11,8,19,17,21,22,19,20,21,16,21,17,21,20,23,18,27,19,20,23,14,10,22,22,23,23,17,25,23,27,13,28,16,22,10,15,7,15,17,13,22,12,10,7,21,8,11,10,9,8,54,39,20,6,0,0,,
Stocksbridge and Upper Don,E01008140,1454,9,16,20,15,17,21,15,23,19,23,18,10,14,17,13,13,16,16,11,16,13,7,8,7,11,14,19,20,30,29,20,16,21,32,27,20,31,22,20,25,24,24,30,25,19,23,14,12,21,12,20,22,18,24,19,15,20,17,16,13,19,14,26,26,12,14,16,17,12,14,10,13,8,13,11,38,50,32,7,0,0,,
Stocksbridge and Upper Don,E01008142,1487,25,16,18,26,22,13,25,21,16,29,19,23,16,22,19,12,26,11,14,25,22,15,13,18,13,23,20,22,20,17,29,25,21,26,27,16,20,22,16,21,21,22,22,16,14,27,22,11,18,20,24,21,17,20,14,19,12,16,16,12,14,8,11,10,13,11,12,9,10,13,19,18,11,16,19,67,34,17,4,3,0,,
Stocksbridge and Upper Don,E01008143,1538,13,20,21,21,13,19,18,14,11,17,11,18,18,9,19,12,10,11,8,11,7,23,10,19,21,27,27,23,33,27,29,45,28,25,27,29,24,28,27,18,25,18,27,35,24,12,16,17,10,16,20,24,14,32,17,20,19,25,19,16,10,26,13,12,22,17,16,19,6,9,13,6,15,16,16,62,38,16,9,0,0,,
Stocksbridge and Upper Don,E01008144,1525,16,21,15,13,9,19,12,16,13,17,13,19,20,16,20,17,14,17,10,12,17,11,18,10,21,20,25,27,24,28,28,27,35,17,22,22,21,25,18,18,21,16,19,28,23,12,26,16,25,23,22,20,28,29,32,24,28,21,20,20,15,19,14,11,14,8,15,13,17,7,10,13,12,12,6,45,57,34,4,3,0,,
Stocksbridge and Upper Don,E01008145,1565,15,5,18,11,14,13,17,23,23,29,25,26,20,22,27,20,22,21,13,17,13,12,13,13,10,11,13,11,23,11,22,24,18,18,20,18,22,21,28,16,24,20,18,16,20,15,18,17,20,22,18,20,22,21,24,14,23,14,20,29,19,17,19,16,17,16,19,15,18,15,25,21,16,23,17,71,67,27,11,3,0,,
Stocksbridge and Upper Don,E01008146,1380,16,13,22,14,19,15,21,25,16,22,19,18,23,18,11,14,14,13,16,12,9,20,9,11,8,9,9,16,22,16,28,28,30,27,32,23,25,26,29,22,31,24,22,23,8,32,16,12,29,24,16,16,29,28,30,22,38,31,20,19,8,7,12,15,12,11,10,9,9,5,6,3,9,5,9,22,9,3,3,3,0,,
Stocksbridge and Upper Don,E01008147,1498,22,14,12,13,11,19,14,21,18,23,14,13,21,19,15,12,15,16,19,17,14,20,22,9,16,22,13,15,19,20,17,22,25,16,18,20,23,26,30,26,16,24,18,20,20,23,22,23,22,21,27,27,33,34,28,22,28,27,23,24,16,18,13,22,11,8,19,20,10,13,8,11,11,9,9,45,30,19,3,0,0,,
Stocksbridge and Upper Don,E01008148,1593,10,23,20,15,19,20,13,19,28,23,20,20,23,25,18,18,19,16,24,12,16,16,19,8,14,19,19,21,17,22,24,25,15,24,24,22,19,21,23,19,20,30,19,23,22,15,18,24,10,23,19,28,22,26,26,21,31,30,21,21,26,22,19,21,19,20,22,21,14,27,8,22,9,13,9,53,30,14,3,0,0,,
Stocksbridge and Upper Don,E01008149,1603,16,24,17,21,20,14,24,25,19,29,22,22,11,24,17,21,24,18,14,10,14,12,10,16,14,22,14,15,24,26,27,30,25,21,31,26,28,32,26,29,24,27,23,33,25,21,22,16,28,15,23,28,27,26,47,31,33,15,17,24,20,21,18,11,19,15,10,3,7,10,13,14,7,6,13,38,22,14,3,0,0,,
Stocksbridge and Upper Don,E01008150,1476,14,18,14,19,16,10,10,18,21,14,24,12,17,16,10,14,12,14,15,9,12,15,14,13,12,18,17,21,25,21,28,22,30,24,21,24,27,16,18,28,18,17,13,21,21,14,21,18,15,14,16,15,16,28,18,19,18,18,14,20,14,13,13,10,9,18,12,11,11,13,13,10,16,8,16,65,73,61,25,8,0,,
Walkley,E01008065,1474,12,17,17,18,11,11,13,21,9,6,20,14,15,8,11,13,8,12,10,22,24,16,34,19,8,29,21,16,18,15,19,16,17,24,25,26,31,19,20,19,25,15,17,16,11,11,14,13,14,20,16,8,16,15,19,14,18,18,26,19,21,20,16,22,17,19,15,13,15,18,14,17,22,22,13,79,68,43,11,0,0,,
Walkley,E01008068,1522,30,27,33,24,17,25,15,17,20,19,21,10,15,20,12,11,10,12,18,19,35,54,60,26,20,27,32,30,40,37,38,43,35,31,32,24,32,23,18,24,25,10,16,18,11,11,18,11,14,7,11,10,17,13,19,17,11,12,19,10,8,8,12,7,9,16,12,8,8,7,8,4,5,3,10,34,34,10,3,0,0,,
Walkley,E01008072,1385,17,14,19,12,27,12,17,15,17,12,15,14,14,15,18,11,21,15,15,18,22,40,30,29,16,20,33,30,30,28,31,19,17,22,18,18,12,7,24,20,20,17,11,17,17,13,9,13,18,10,14,8,16,17,27,19,11,9,13,16,7,14,13,19,16,13,11,5,11,13,17,10,8,8,9,43,39,35,12,3,0,,
Walkley,E01008151,1602,12,16,9,10,19,8,17,12,15,15,12,17,14,11,17,12,9,14,12,21,73,91,66,59,55,42,34,45,33,53,45,28,32,35,23,34,28,13,24,20,19,23,18,15,19,14,23,20,20,16,12,22,21,15,8,13,10,15,9,4,8,5,5,11,10,6,10,10,10,10,0,5,7,5,6,34,23,12,4,0,0,,
Walkley,E01008153,1627,15,20,15,12,13,14,14,12,16,9,11,13,8,6,8,11,15,10,10,11,36,38,43,35,39,29,39,41,44,38,40,43,42,41,25,34,31,28,31,28,30,26,22,19,16,17,11,11,10,19,21,14,15,23,28,16,19,18,14,19,6,8,18,10,15,12,13,19,14,12,10,10,15,12,14,39,23,29,9,3,0,,
Walkley,E01008154,1488,12,17,12,15,18,14,13,12,7,13,17,15,14,13,14,12,13,14,16,18,27,21,22,16,18,18,32,28,36,14,22,25,27,25,34,25,31,35,22,31,25,21,15,21,24,20,23,19,15,11,17,12,16,23,12,29,20,15,13,11,16,15,13,21,15,19,12,11,12,15,13,10,9,14,11,48,47,30,7,0,0,,
Walkley,E01008155,1550,22,18,16,20,11,10,19,17,13,7,17,15,19,15,12,13,13,12,19,13,30,45,40,37,46,42,45,32,34,37,41,36,35,33,32,36,26,25,29,22,25,17,20,18,16,20,21,15,21,13,12,20,18,17,20,10,19,14,13,6,9,13,13,15,10,10,7,6,8,10,8,6,5,5,3,37,27,15,4,0,0,,
Walkley,E01008156,1564,17,19,13,13,14,14,13,15,18,15,22,13,10,13,12,18,17,20,6,19,10,10,9,11,22,20,29,29,38,32,21,33,35,29,30,38,31,31,39,30,15,19,23,24,30,21,21,27,24,18,24,16,30,28,32,10,24,25,21,17,23,22,25,16,17,15,18,19,11,13,13,12,11,8,6,28,16,11,3,0,0,,
Walkley,E01008157,1591,7,7,16,15,16,11,16,7,15,10,17,12,15,17,11,15,11,13,9,14,9,24,22,11,17,20,17,13,17,23,14,13,17,20,29,17,19,11,21,17,14,14,22,11,12,19,19,15,26,24,23,31,23,18,24,12,21,28,25,14,16,28,25,30,23,19,31,23,25,30,26,21,20,22,17,94,72,41,23,5,0,,
Walkley,E01008161,1655,13,17,17,17,30,14,20,24,16,15,16,17,21,23,17,13,15,10,3,19,15,18,24,25,33,26,43,33,32,51,53,34,35,34,46,39,37,29,18,25,18,28,21,16,16,21,16,13,23,15,14,13,24,27,24,23,25,19,17,15,19,14,19,19,19,11,10,11,10,10,8,12,8,13,14,42,26,12,3,0,0,,
West Ecclesfield,E01007888,1552,20,15,20,25,20,14,13,21,21,27,26,13,32,18,26,18,26,22,21,13,25,11,17,19,22,21,11,17,28,35,25,21,32,33,26,38,38,20,29,23,31,19,31,23,25,35,18,20,27,24,25,28,22,38,39,24,17,19,17,20,16,8,15,8,11,7,8,10,6,3,7,5,3,4,8,14,4,5,3,0,3,,
West Ecclesfield,E01007892,1491,20,16,15,18,21,20,13,18,19,30,21,23,15,20,22,19,24,19,12,27,14,20,17,16,11,15,12,15,27,18,18,22,15,31,22,17,30,16,16,20,15,26,15,22,17,19,26,25,15,14,14,23,25,15,18,12,16,16,21,17,16,10,16,22,14,9,10,12,17,7,17,17,9,9,11,49,65,32,11,3,0,,
West Ecclesfield,E01007893,1620,14,15,17,20,17,19,20,22,18,21,23,25,11,24,24,16,21,18,19,13,8,18,11,15,12,12,23,18,24,27,27,24,28,17,26,27,25,30,24,24,31,29,24,28,33,26,18,26,14,27,23,13,21,35,42,22,28,38,22,16,19,23,23,26,19,15,16,11,15,15,19,9,8,14,6,35,22,9,3,0,0,,
West Ecclesfield,E01007898,1538,13,28,23,26,26,26,24,21,27,28,20,34,20,38,22,24,19,18,17,15,11,14,25,16,18,11,21,25,24,32,27,19,19,34,36,32,32,39,38,45,41,31,35,31,30,30,31,26,24,22,12,21,15,15,17,12,10,17,7,10,5,4,3,6,6,10,4,6,4,7,3,3,3,3,8,17,10,5,7,0,0,,
West Ecclesfield,E01007899,1591,4,14,11,20,13,20,12,15,21,20,18,20,15,21,16,23,29,20,20,15,16,18,19,16,18,13,10,13,14,16,11,15,23,19,22,26,20,25,23,25,27,31,26,23,30,31,25,19,20,30,28,24,32,39,35,28,41,33,25,20,20,22,23,20,29,9,13,19,10,10,17,16,18,4,10,35,26,11,3,0,0,,
West Ecclesfield,E01007900,1682,10,15,22,17,14,20,13,22,15,24,19,19,22,19,25,24,21,12,18,23,18,15,12,19,25,28,14,23,20,34,24,32,27,23,19,18,24,31,27,22,22,21,27,14,15,18,21,21,20,23,14,24,34,33,32,22,24,23,24,20,22,24,21,19,16,16,20,14,11,14,15,18,11,19,16,73,47,22,3,0,0,,
West Ecclesfield,E01007901,1537,13,19,9,16,13,17,11,20,23,17,22,28,22,23,25,22,18,19,13,18,13,14,16,11,17,12,9,15,15,21,17,22,24,20,24,15,21,34,24,20,14,15,15,21,15,19,25,14,14,20,16,14,12,19,25,24,13,16,18,14,14,22,14,18,13,7,25,22,14,15,12,14,16,24,19,93,71,32,13,4,0,,
West Ecclesfield,E01008134,1408,12,12,13,8,13,18,13,14,22,19,18,20,19,12,14,16,12,9,12,8,11,12,6,13,9,8,13,9,11,17,13,16,23,21,23,19,22,29,25,28,20,13,19,14,10,17,21,18,21,25,23,16,15,30,40,16,16,18,17,14,12,21,24,16,24,13,16,27,20,19,15,18,21,15,15,55,40,27,10,5,0,,
West Ecclesfield,E01008141,1498,14,14,17,15,15,12,13,18,17,15,8,19,16,12,16,15,21,16,21,10,12,12,11,14,14,16,15,15,19,15,25,20,19,23,17,29,21,23,28,22,21,27,23,13,24,15,25,20,26,29,29,24,27,25,35,28,29,27,25,25,17,20,23,29,17,20,15,19,10,14,14,12,10,11,10,46,24,11,5,0,0,,
Woodhouse,E01007912,1649,9,14,19,11,22,20,15,27,21,26,22,21,12,18,29,15,15,23,19,19,14,21,16,21,11,10,15,17,17,26,17,32,17,18,28,26,20,24,32,29,26,26,20,25,27,23,27,22,23,25,22,23,25,22,25,19,25,27,20,15,15,13,16,15,13,18,23,9,19,16,17,19,17,9,14,70,49,25,14,3,0,,
Woodhouse,E01007964,1599,11,26,19,12,22,24,18,13,17,15,15,14,17,16,19,17,19,17,20,17,22,21,22,14,15,20,14,21,16,29,26,28,29,28,24,31,25,31,24,23,20,21,14,22,14,24,21,18,21,18,24,23,23,25,17,21,18,18,19,7,13,15,19,18,18,15,14,18,17,15,14,17,16,10,13,76,53,27,7,5,0,,
Woodhouse,E01007965,1712,20,23,30,30,27,28,29,27,40,27,34,33,27,31,27,32,29,25,28,17,13,18,11,10,20,17,11,10,17,17,28,28,29,20,24,34,22,38,22,24,34,30,23,31,22,18,17,11,23,11,13,20,17,18,23,19,16,13,16,14,17,19,16,21,27,32,28,27,29,26,16,14,4,12,7,25,20,3,3,0,0,,
Woodhouse,E01007968,1517,14,20,20,16,21,25,12,19,20,21,27,25,20,26,21,25,20,21,17,13,13,13,11,10,20,16,19,21,25,31,16,19,16,21,26,15,31,14,22,24,18,15,23,24,16,16,11,16,14,19,16,15,12,17,19,22,15,18,9,11,15,20,13,15,8,18,14,14,10,12,11,16,16,16,24,84,56,27,13,3,0,,
Woodhouse,E01007969,1603,11,12,17,13,16,13,20,14,18,28,14,22,22,16,9,17,25,18,19,12,16,17,8,10,9,20,17,16,15,19,24,16,20,19,24,19,33,26,24,31,36,21,24,34,21,20,20,13,17,18,22,25,23,26,33,22,30,18,16,19,17,16,28,21,13,18,13,16,14,16,10,13,16,16,5,61,57,46,21,6,3,,
Woodhouse,E01007970,1484,10,7,10,10,5,0,7,9,5,11,9,9,7,5,4,9,10,11,12,12,12,11,16,6,21,13,17,16,19,19,17,17,16,20,9,13,15,15,11,17,15,20,14,16,15,9,11,14,14,18,10,12,26,22,23,10,11,12,18,18,14,19,33,30,33,27,19,15,17,24,29,19,29,28,27,139,118,67,24,3,0,,
Woodhouse,E01007971,1358,10,11,10,14,13,18,13,13,13,10,18,20,9,13,27,23,14,12,9,6,12,8,11,4,11,7,16,14,12,16,19,24,18,14,23,12,10,18,16,22,16,18,17,13,19,7,19,18,9,11,15,16,11,16,15,25,17,20,17,17,19,18,10,17,18,13,10,16,20,9,12,16,30,20,12,112,82,38,7,0,0,,
Woodhouse,E01007972,1521,12,19,14,13,14,18,21,16,17,21,18,13,19,14,23,20,13,15,15,8,12,13,17,10,10,8,13,22,22,24,24,29,24,23,16,19,32,24,23,28,26,31,23,26,23,18,23,19,24,9,14,18,17,25,24,21,30,27,28,27,28,25,29,31,36,15,21,19,14,17,16,10,13,15,9,31,12,7,4,0,0,,
Woodhouse,E01007973,1519,15,12,12,16,17,20,12,22,14,14,10,14,20,21,18,23,19,12,17,8,10,14,12,13,19,10,16,22,24,23,19,25,32,23,15,28,27,18,17,21,28,31,22,20,19,10,17,17,18,18,17,14,18,26,17,17,19,32,22,23,21,11,23,12,15,17,9,23,11,15,20,16,23,20,16,74,60,16,5,3,0,,
Woodhouse,E01007974,1612,25,27,27,22,29,36,41,31,28,30,19,27,29,22,26,15,27,19,24,20,16,13,16,13,15,14,20,23,29,22,32,36,41,35,40,44,33,37,29,35,33,36,27,31,27,31,18,16,20,18,8,16,16,16,14,13,5,9,19,12,15,15,14,5,5,8,7,12,11,7,6,9,4,6,4,17,11,4,0,0,0,,